year,occ1950,occupation_all,male_sample_count,female_sample_count,male_weighted_population,female_weighted_population,male_weighted_mean_real_hourly_wage,female_weighted_mean_real_hourly_wage
1981,0,Accountants and auditors (0),300,224,393550.4501953125,300507.36991882324,25.400190922790397,16.798501725941204
1981,1,Actors and actresses (1),7,2,11172.229919433588,3050.6300048828098,25.017879230610532,13.941299710853416
1981,400,Advertising agents and salesmen (400),26,24,37221.15008544923,28649.63003540038,28.993839578877516,17.13941271293302
1981,61,Agricultural scientists (61),12,1,9531.09996032714,163.710006713867,23.09699044722745,24.34299659729
1981,2,Airplane pilots and navigators (2),42,1,50303.44978332518,505.279998779297,47.12578667749547,8.8904857635498
1981,604,Apprentice machinists and toolmakers (604),2,1,1395.5,1338.57995605469,14.257517084260405,27.194425582885703
1981,3,Architects (3),35,4,49177.68017578125,4566.179977416997,34.782168464734255,19.501606393642746
1981,4,Artists and art teachers (4),14,22,16618.69985961914,28981.769851684578,21.6056838517514,15.8953314516098
1981,301,"Attendants and assistants, library (301)",3,38,4487.830047607419,45577.590072631814,11.445564099189673,11.407320508260621
1981,621,"Attendants, auto service and parking (621)",68,5,74463.81019592288,4209.709991455076,14.124245365984402,7.211372374100917
1981,730,"Attendants, hospital and other institution (730)",63,429,79820.46008300777,557236.681022644,11.858977203412078,10.190962418729086
1981,302,"Attendants, physician's and dentist's office (302)",21,153,20682.089859008785,198858.55039978024,14.393051092780883,11.456695920697685
1981,731,"Attendants, professional and personal service (n.e.c.) (731)",21,112,28858.840011596676,140182.84059906006,12.140216211014735,10.433169013894423
1981,732,"Attendants, recreation and amusement (732)",41,38,15064.720085144043,18229.440032959,14.713056964518275,10.12230036529946
1981,6,Authors (6),10,3,13997.640518188471,3623.3400573730423,23.427035191202517,35.67557300450457
1981,500,Bakers (500),27,21,35408.50009155269,20825.249877929684,14.714411531609818,9.540146120748847
1981,305,Bank tellers (305),6,181,7394.629928588872,233191.01010894767,11.50404595192799,10.866892427126341
1981,740,"Barbers, beauticians, and manicurists (740)",27,123,30835.999984741196,149860.92051696774,16.343618966976067,10.020281344755762
1981,750,Bartenders (750),65,57,68853.45036315915,67665.31993865967,11.536619116806989,8.704566909116
1981,62,Biological scientists (62),25,7,28240.4598388672,10553.920013427716,20.95713274502775,19.846854997488045
1981,503,Boilermakers (503),19,1,22110.210281372074,2054.2900390625,26.122064289623776,16.725227355957
1981,502,Bookbinders (502),4,6,5143.1000366210865,7344.220062255851,21.52499713658795,13.80793176733374
1981,310,Bookkeepers (310),71,779,78674.67012786864,940887.8114318848,18.331277663747656,13.507981412661419
1981,504,"Brickmasons, stonemasons, and tile setters (504)",70,1,91763.97030639643,500.209991455078,20.694509400163344,11.8315896987915
1981,625,Bus drivers (625),80,99,90313.05978393555,133929.0904998779,17.86006087740621,13.275180227294895
1981,200,"Buyers and department heads, store (200)",327,140,452593.23993682856,192059.67987060547,28.316615940502206,15.040441067986675
1981,505,Cabinetmakers (505),24,1,29432.019989013672,199.960006713867,15.36622040043794,7.7791748046875
1981,510,Carpenters (510),367,7,421335.510597229,8192.300094604503,20.0823901585885,12.015200446006824
1981,320,Cashiers (320),39,445,57379.020034790075,532899.7013931273,15.554642595101052,10.799371444379641
1981,753,Charwomen and cleaners (753),128,264,154382.77015686032,309544.00976562494,12.575417454572438,9.505866855260843
1981,7,Chemists (7),69,20,83306.73027038571,23913.25015258789,27.174382525325907,19.953833848454416
1981,9,Clergymen (9),127,7,158940.39002990723,5629.289962768544,13.588678189549439,10.187816090601281
1981,390,Clerical and kindred workers (n.e.c.) (390),769,1912,1010046.4408111573,2492953.739906311,21.027888768912465,13.457346780506585
1981,321,"Collectors, bill and account (321)",16,30,16748.870132446267,39485.46990966796,14.92453989424596,14.39806149355498
1981,10,College presidents and deans (10),55,22,75000.96038818358,27686.91003417969,26.68348479149346,22.121650116442787
1981,512,Compositors and typesetters (512),53,20,64016.16996765133,23058.989959716793,19.75923805068658,11.579971479035239
1981,203,"Conductors, railroad (203)",28,1,27903.719894409165,1088.25,30.858821342343543,20.7444648742676
1981,754,"Cooks, except private household (754)",164,372,195813.37937927246,421969.08975219727,12.348885040354842,8.438620610515777
1981,760,Counter and fountain workers (760),2,94,2910.31005859375,124178.01974487303,10.43804420481985,7.893864977652748
1981,594,Craftsmen and kindred workers (n.e.c.) (594),20,4,28537.62994384765,3754.039978027343,17.154994276547914,12.838962811935763
1981,513,"Cranemen, derrickmen, and hoistmen (513)",68,1,84319.4499206543,2167.53002929688,22.033505467736667,7.661058902740481
1981,204,Credit men (204),18,21,24137.109710693356,29319.07995605468,23.45967070346908,14.712246024830762
1981,31,Dancers and dancing teachers (31),1,1,1920.32995605469,1445.97998046875,21.4427299499512,4.66750526428223
1981,514,Decorators and window dressers (514),8,23,11458.860168457031,24911.83999633786,14.603244197024372,10.779404152274218
1981,632,Deliverymen and routemen (632),219,21,260653.4602508545,27306.1898651123,17.7665212743829,13.258488819830507
1981,32,Dentists (32),18,2,24960.140075683586,2493.4199829101562,58.5071351957649,33.62704961197594
1981,33,Designers (33),56,19,80493.58966064453,29141.91992187499,28.400386145716897,24.960346974160593
1981,322,"Dispatchers and starters, vehicle (322)",40,19,58824.31021118165,24160.760055541974,21.667365604336588,14.103860192346218
1981,35,Draftsmen (35),132,30,163692.94032287595,43844.759918212876,21.65920886853829,14.884697499309562
1981,633,"Dressmakers and seamstresses, except factory (633)",1,36,733.190002441406,46358.479873657205,11.1131076812744,9.44552219186934
1981,81,Economists (81),58,22,76584.41046142575,30414.37010192871,37.26834205714106,24.809523423896024
1981,36,Editors and reporters (36),75,90,96747.65960693356,118301.76956176756,24.96886409577671,18.28162584839345
1981,515,Electricians (515),321,3,410826.73040008545,4369.269958496091,25.346846477126867,26.424607266323545
1981,761,Elevator operators (761),6,2,5968.919891357427,1877.08996582031,15.905495945752541,14.795282943483189
1981,49,Engineers (n.e.c.) (49),109,1,142870.3599090576,419.200012207031,31.021566087035772,15.558349609375
1981,43,"Engineers, civil (43)",111,4,144655.96017456055,4609.2899627685465,30.460396280501374,25.481868614155733
1981,44,"Engineers, electrical (44)",190,8,259253.3504486084,9455.330017089836,31.464819559388182,23.453795750236182
1981,45,"Engineers, industrial (45)",104,10,154210.25044250485,12616.719818115233,31.296201713746164,22.838177300516783
1981,46,"Engineers, mechanical (46)",121,3,184770.39990234372,2966.6000213623047,30.686571188229255,26.812764162762427
1981,47,"Engineers, metallurgical, and metallurgists (47)",8,1,12581.140136718746,670.969970703125,29.969422532038912,20.6224403381348
1981,51,Entertainers (n.e.c.) (51),24,11,29600.75960540771,15631.819885253903,25.211531388548053,17.38009107122736
1981,522,"Excavating, grading, and road machinery operators (522)",197,1,236240.98978424072,1802.65002441406,18.970909597586186,17.7809715270996
1981,52,Farm and home management advisors (52),8,5,8992.619995117184,4611.230041503906,22.297823542438,21.35432640067429
1981,635,"Filers, grinders, and polishers, metal (635)",63,14,88484.53971862793,19087.91993713377,18.218470424175493,9.777389474047936
1981,523,Foremen (n.e.c.) (523),930,107,1194470.189743042,140620.75038146967,23.359287514563317,14.556741979219797
1981,640,"Fruit, nut, and vegetable graders and packers, except factory (640)",2,17,2932.8499755859402,18030.54974365235,6.038398191149811,9.312175222399233
1981,641,"Furnacemen, smeltermen, and pourers (641)",28,2,36408.800338745124,1957.370056152344,19.844912347495793,15.446850286502311
1981,920,Garage laborers and car washers and greasers (920),104,4,141573.8297004699,4250.909896850583,12.238401707927618,11.924754002056273
1981,63,Geologists and geophysicists (63),30,6,25045.789871215806,6379.3799438476535,28.287733312630245,22.306606868208608
1981,530,Glaziers (530),18,1,21818.910232543938,2116.47998046875,19.389804945727597,8.8904857635498
1981,763,"Guards, watchmen, and doorkeepers (763)",219,45,279131.33013916016,60212.619766235366,15.469330567783278,26.972155471838068
1981,764,"Housekeepers and stewards, except private household (764)",13,55,15703.730209350606,58702.85981750485,25.60663544802314,10.597280973225503
1981,430,Hucksters and peddlers (430),9,18,13433.31982421875,25105.279891967777,12.466485418659182,13.328758278689952
1981,533,Inspectors (n.e.c.) (533),63,7,81186.92008972168,10315.830108642567,22.513550906892153,17.191046933474667
1981,210,"Inspectors, public administration (210)",77,11,101524.61015319824,13451.719909667974,22.214602478250978,15.745640625605215
1981,532,"Inspectors, scalers, and graders, log and lumber (532)",8,2,8493.549926757803,2212.149963378901,16.294618882053022,7.1315597817616
1981,450,Insurance agents and brokers (450),220,112,301031.6400604248,149795.09043884272,24.446460242924513,14.744410457556507
1981,770,Janitors and sextons (770),451,154,564825.2097549438,169086.36976623535,13.561220472470627,10.651956963366372
1981,534,"Jewelers, watchmakers, goldsmiths, and silversmiths (534)",5,1,5784.230102539057,1508.91003417969,17.92088000437334,5.55655384063721
1981,535,"Job setters, metal (535)",58,1,80532.59046936035,1505.05004882812,21.060164690094116,16.2366352081299
1981,970,Laborers (n.e.c.) (970),946,178,1189068.6086425781,216573.80068206787,16.46967043372606,11.733072639773543
1981,643,Laundry and dry cleaning operatives (643),26,113,30439.089904785156,120773.42993164061,11.59782533470391,8.81725836510663
1981,55,Lawyers and judges (55),168,38,211714.75943756106,47394.569824218735,37.3672800409995,20.393388352498924
1981,56,Librarians (56),13,96,17833.94995117186,111844.64042663571,20.85485862732438,15.385832117209786
1981,540,"Linemen and servicemen, telegraph, telephone, and power (540)",265,23,336942.7495803833,30637.210144042958,24.207819597327617,18.840818990515594
1981,541,Locomotive engineers (541),31,1,38293.82031249999,1867.55004882812,27.879801298144137,53.7133483886719
1981,544,Machinists (544),243,10,325411.5902862549,15165.449951171879,21.185450068472857,12.625075894082254
1981,335,Mail carriers (335),123,24,154486.4701309204,26422.290382385265,22.231224112882728,19.370504572105727
1981,230,"Managers and superintendents, building (230)",24,24,29384.680191040017,29652.690063476544,20.83876900173198,9.149498336707751
1981,290,"Managers, officials, and proprietors (n.e.c.) (290)",2546,912,3358300.380783081,1180833.0099639893,27.94015861132981,16.076120560442668
1981,67,Mathematicians (67),20,1,20399.02003479005,881.869995117188,34.60014355053151,22.2262153625488
1981,644,"Meat cutters, except slaughter and packing house (644)",78,9,98784.18017578125,12065.650009155275,18.2973170661345,11.519330254501035
1981,554,"Mechanics and repairmen, (n.e.c.) (554)",773,18,1012510.0108718871,20038.309997558586,20.19799663792447,13.123216874882253
1981,545,"Mechanics and repairmen, airplane (545)",80,1,100006.8201675415,933.859985351562,34.73897682702368,16.6696605682373
1981,550,"Mechanics and repairmen, automobile (550)",458,1,580772.0901565552,266.910003662109,16.68518816889446,8.8904857635498
1981,551,"Mechanics and repairmen, office machine (551)",97,5,124992.80964660642,4725.219924926748,23.255453130074677,22.003577338854186
1981,552,"Mechanics and repairmen, radio and television (552)",29,2,41628.42974853513,584.1000061035149,19.00424130638983,9.484891106767384
1981,340,Messengers and office boys (340),8,7,12547.709838867186,6460.259979248045,11.890526718961896,9.230133852791731
1981,650,Mine operatives and laborers (650),189,1,177098.96947479248,463.75,20.168708207933022,13.8691577911377
1981,69,Miscellaneous natural scientists (69),4,2,5127.840026855466,1862.010009765622,26.41533763778778,18.900116196638134
1981,84,Miscellaneous social scientists (84),10,9,12858.919921874996,8244.040176391594,24.786575751320335,19.669164409525948
1981,561,"Molders, metal (561)",20,5,27418.080108642564,9547.899963378904,18.735071713219448,10.488497260297214
1981,562,Motion picture projectionists (562),4,1,4331.399963378909,1700.46997070312,18.815480086186884,18.4922103881836
1981,660,"Motormen, mine, factory, logging camp, etc. (660)",6,1,6127.269882202142,230.020004272461,24.33411804193475,20.6386280059814
1981,57,Musicians and music teachers (57),51,60,58093.8604660034,80142.8399810791,18.378079397049948,17.3659279696025
1981,460,Newsboys (460),7,8,11908.93994140625,6990.160064697271,16.226302826838758,13.878232133897352
1981,58,"Nurses, professional (58)",93,800,110026.09019470215,1007645.1294021606,25.36235899581365,18.0616178338979
1981,59,"Nurses, student professional (59)",1,1,1650.58996582031,1943.68994140625,18.8922824859619,4.11184978485107
1981,341,Office machine operators (341),101,294,134038.44024658197,386436.0293045044,20.278459793520657,13.104831407419304
1981,250,"Officials and administrators (n.e.c.), public administration (250)",219,115,250986.18055725098,123227.0597076416,26.839333423029245,19.815098156520524
1981,260,"Officials, lodge, society, union, etc. (260)",36,18,44156.30999755858,17023.270141601566,30.040714516008894,15.026324666387772
1981,662,"Oilers and greasers, except auto (662)",29,2,30082.57999420165,1169.720001220703,20.00449049144838,19.82000134014031
1981,690,Operatives and kindred workers (n.e.c.) (690),1888,1785,2477125.5493240356,2271191.3102645874,18.176908774757827,11.561899673154054
1981,563,Opticians and lens grinders and polishers (563),18,7,20077.829956054695,11193.729858398428,16.35879208978118,18.921436734717947
1981,70,Optometrists (70),8,2,10119.430053710934,2902.080017089846,46.01727528807928,9.322860474403619
1981,564,"Painters, construction and maintenance (564)",141,11,181570.13954162598,11114.580123901364,18.10541799596544,19.12075721525906
1981,670,"Painters, except construction and maintenance (670)",78,20,96704.78971099852,26287.540100097634,16.537152044691148,11.03731650319836
1981,570,"Pattern and model makers, except paper (570)",15,2,22190.240234374993,2368.299987792966,22.266736159102088,11.797197827239845
1981,72,Personnel and labor relations workers (72),118,107,150058.95034790036,132141.68062591553,27.975927304009396,16.798567707124565
1981,73,Pharmacists (73),50,15,58084.60997009278,22780.389678955056,21.458107226105234,26.11144560443028
1981,571,Photoengravers and lithographers (571),16,1,19065.409973144535,1623.92004394531,19.636262788680494,10.0017957687378
1981,74,Photographers (74),28,3,33925.46009826659,3262.8999023437523,17.95113447738183,9.836933615634397
1981,671,Photographic process workers (671),13,14,18422.479858398438,14331.37985229492,17.921547630091414,11.007235071371412
1981,75,Physicians and surgeons (75),141,19,177653.74914550778,25141.050109863274,42.80276947970075,24.887641283319557
1981,574,Plumbers and pipe fitters (574),202,1,252577.16020202637,2139.5,23.634440063969958,17.336446762085
1981,773,Policemen and detectives (773),255,11,348875.5898818969,20711.440429687507,20.93716544161268,14.196704358925626
1981,270,Postmasters (270),15,9,20859.739746093757,7884.2700805664135,23.588971910206922,18.847579554758802
1981,781,Practical nurses (781),3,233,4607.269958496089,281974.3201599121,14.313081719480506,12.891879032410788
1981,575,"Pressmen and plate printers, printing (575)",68,11,91188.61991882321,11286.950057983398,22.866802706734987,12.777562397774396
1981,720,Private household workers (n.e.c.) (720),8,260,10925.310089111323,335553.01069641113,6.898585789995102,6.459377115223584
1981,99,"Professional, technical, and kindred workers (n.e.c.) (99)",448,405,607335.2097930908,505483.68090057373,26.0572890931956,13.824990961757061
1981,13,"Professors and instructors, biological sciences (13)",16,3,14296.849975585947,3688.4299926757812,25.642698196460692,19.63157721034214
1981,14,"Professors and instructors, chemistry (14)",12,2,18366.240051269528,1904.330017089844,21.568195678760105,10.832449657262371
1981,15,"Professors and instructors, economics (15)",6,1,7901.849960327151,1771.56005859375,23.003291793184705,80.5700302124023
1981,16,"Professors and instructors, engineering (16)",13,2,14728.120056152338,3397.0499267578098,27.537980907486304,16.066765029038603
1981,18,"Professors and instructors, mathematics (18)",12,8,11286.310028076157,8522.660018920902,23.970296374486082,19.637134856693624
1981,19,"Professors and instructors, medical sciences (19)",11,29,14962.510162353523,35113.31991577146,29.509292143377124,23.329017966620228
1981,28,"Professors and instructors, nonscientific subjects (28)",37,43,48119.219894409194,41054.62007141113,24.297325271968578,17.88939291114892
1981,24,"Professors and instructors, psychology (24)",7,8,9366.069946289062,10167.180038452143,34.89428264962024,22.273162515555033
1981,27,"Professors and instructors, social sciences (n.e.c.) (27)",17,7,21695.659973144535,7904.580017089846,22.986013497627347,15.85422162134272
1981,29,"Professors and instructors, subject not specified (29)",43,29,47185.459869384744,36520.98007202148,25.530390975827228,18.086297604516325
1981,82,Psychologists (82),24,22,34890.81980895996,34164.91020202636,23.343577371535062,17.24937198756415
1981,280,Purchasing agents and buyers (n.e.c.) (280),96,39,124048.23039245608,50042.07991027831,25.304347172003293,16.093586137158372
1981,76,Radio operators (76),32,27,37608.970031738245,32875.77985382077,26.693116255622247,12.011594838662733
1981,470,Real estate agents and brokers (470),80,87,104625.16000366211,124708.49052429198,26.91814392626203,20.345851400913336
1981,77,Recreation and group workers (77),15,30,14767.799911499029,36982.50010681151,17.491127185720256,10.51373267911027
1981,78,Religious workers (78),10,5,14629.54008483886,6374.8999023437445,16.760985344492887,17.90734986915054
1981,580,"Rollers and roll hands, metal (580)",7,1,10136.580017089842,1207.68994140625,28.333752972217535,7.3772120475769
1981,490,Salesmen and sales clerks (n.e.c.) (490),918,680,1198420.4398117065,833231.4997558594,22.740477498381512,10.864285053464693
1981,674,Sawyers (674),40,4,51679.84991455078,4533.460052490234,14.902904378876316,9.043673899468933
1981,790,"Service workers, except private household (n.e.c.) (790)",95,385,102906.88018798828,432458.5297012329,10.740570600685134,8.333939547247201
1981,782,Sheriffs and bailiffs (782),44,5,48277.44990539547,8332.4599609375,18.220203444768696,15.146070326097199
1981,342,Shipping and receiving clerks (342),161,61,205990.59045410156,81036.93995666501,17.153133663101627,12.297279628944263
1981,582,"Shoemakers and repairers, except factory (582)",21,2,18820.789916992177,2036.119995117188,14.838186886928312,7.90336265363006
1981,79,"Social and welfare workers, except group (79)",92,130,116965.49986267088,174054.29980468744,18.772830722074243,16.608812383197137
1981,91,Sports instructors and officials (91),20,12,27584.409973144528,15377.519882202136,17.481745804685325,12.615261462383907
1981,583,Stationary engineers (583),100,1,119059.65012359619,1394.82995605469,21.05668045388595,11.1131076812744
1981,680,Stationary firemen (680),46,1,56755.32031250001,383.010009765625,19.844129799627943,8.09034156799316
1981,83,Statisticians and actuaries (83),12,3,15975.15997314454,2407.870056152346,33.4212282518787,22.844333034524624
1981,350,"Stenographers, typists, and secretaries (350)",19,2194,24155.25007629395,2854506.6271133423,18.305320146869455,13.063737963811061
1981,480,Stock and bond salesmen (480),44,9,70754.99980163574,9756.42990112305,45.69288485153651,47.04896244922921
1981,584,Stone cutters and stone carvers (584),3,1,4732.65002441407,692.409973144531,11.207978842057651,14.447039604186998
1981,590,Tailors and tailoresses (590),4,5,7258.2100830078,5326.170043945311,16.356862646981206,6.988101148335944
1981,682,Taxicab drivers and chauffeurs (682),49,7,62650.700180053675,9734.139984130854,14.806046346657375,11.171663977021213
1981,93,Teachers (n.e.c.) (93),670,1337,803302.0388336182,1669009.7899856567,21.881682120960434,16.70533949254817
1981,96,Technicians (n.e.c.) (96),16,7,15967.850036621101,8432.239898681639,23.194758527456393,13.887851103808913
1981,94,"Technicians, medical and dental (94)",88,227,104880.14000701901,293541.2091445923,20.892656583007966,16.415856388518286
1981,95,"Technicians, testing (95)",312,68,382463.12987518305,92801.29989624023,23.05103597542597,14.584571220998287
1981,365,Telegraph operators (365),3,1,3958.6799316406305,1106.10998535156,20.959417619390848,10.0017957687378
1981,370,Telephone operators (370),7,155,9378.71002197266,188580.52049255368,18.55478455901408,14.086722610289192
1981,97,Therapists and healers (n.e.c.) (97),41,74,58835.13023376465,89627.1304168701,17.974139011897407,16.776881337972156
1981,380,"Ticket, station, and express agents (380)",48,29,51110.040214538545,35184.730155944795,26.273430241585636,20.010805857549574
1981,591,"Tinsmiths, coppersmiths, and sheet metal workers (591)",70,4,95565.56008911131,4931.850036621092,23.068328280940662,17.24675872104806
1981,592,"Tool makers, and die makers and setters (592)",98,3,137035.72018432614,4157.149963378901,24.052249624646617,12.520144292912363
1981,683,Truck and tractor drivers (683),832,17,1034191.2211456299,17243.040008544922,17.974772281336243,14.532057585458727
1981,593,Upholsterers (593),11,4,14127.31011962889,5504.330169677733,18.590328857773205,14.102342367806653
1981,98,Veterinarians (98),6,1,3154.859970092776,638.679992675781,35.49396513388444,11.1420011520386
1981,784,Waiters and waitresses (784),37,384,42718.92024230956,465381.86022949213,13.053867907104925,8.700706236172818
1981,785,Watchmen (crossing) and bridge tenders (785),4,15,6550.719970703125,20865.429992675774,11.838669200149253,9.497952699274313
1981,684,"Weavers, textile (684)",5,9,2163.520050048829,10389.209777832026,12.827183886209532,12.20847680448657
1981,685,Welders and flame-cutters (685),314,17,402027.0696029663,20469.949829101566,20.282541946447378,13.06883033122779
1990,0,Accountants and auditors (0),265,304,454843.7398376465,508163.62904357904,28.740078432384752,19.144438305912118
1990,400,Advertising agents and salesmen (400),36,36,65913.8305358887,57560.25976562501,30.020435462519416,18.690143504695243
1990,61,Agricultural scientists (61),9,2,12109.129989624038,3458.10998535157,41.730212288299995,15.385670946106423
1990,2,Airplane pilots and navigators (2),49,2,81325.98014831542,4596.3999023437555,49.86617626438467,36.4961041027442
1990,604,Apprentice machinists and toolmakers (604),4,1,8803.79992675782,936.429992675781,16.68486264941749,22.6819839477539
1990,3,Architects (3),32,9,49073.99978637696,16815.030029296868,28.822242687181497,19.408495831962984
1990,4,Artists and art teachers (4),16,9,23850.56002807617,14993.949829101568,20.36890077400584,22.224200288847946
1990,301,"Attendants and assistants, library (301)",4,38,5534.2600708007885,54038.26989746095,12.615196594821665,11.86869046213271
1990,621,"Attendants, auto service and parking (621)",59,4,107801.54067993166,5776.959976196292,12.578912439497707,6.222551121123054
1990,730,"Attendants, hospital and other institution (730)",50,548,83970.82011413574,852307.4693756105,11.53444399486935,11.150190248434116
1990,302,"Attendants, physician's and dentist's office (302)",25,231,46332.020111083984,355686.68963623047,12.352673213499735,12.4888139116305
1990,731,"Attendants, professional and personal service (n.e.c.) (731)",31,181,46382.120025634766,288277.72019958496,15.46804046515256,9.26409685428057
1990,732,"Attendants, recreation and amusement (732)",38,44,37516.630187988296,56659.48971557618,16.879848925391695,12.320428247033583
1990,6,Authors (6),1,4,1593.80004882812,7839.200195312499,34.401008605957,14.772898418323388
1990,500,Bakers (500),26,16,33186.04981994626,22444.40014648437,14.959749088265212,8.83652551247886
1990,305,Bank tellers (305),8,184,15073.149993896466,279036.87953186035,17.749433789143012,11.138124316619523
1990,740,"Barbers, beauticians, and manicurists (740)",26,143,44546.28994750978,207236.110168457,14.313550266090289,11.497082318624892
1990,750,Bartenders (750),36,66,52905.49977111816,112401.01965332031,11.667070416588052,8.83430358693537
1990,62,Biological scientists (62),21,18,30487.79986572264,21073.309799194336,24.076490563796234,21.327702069974997
1990,502,Bookbinders (502),8,8,13950.199981689457,13081.13000488282,14.098907044063987,12.914411083842907
1990,310,Bookkeepers (310),46,740,81175.72015380861,1174909.638519287,17.740066884696816,14.433263602885198
1990,504,"Brickmasons, stonemasons, and tile setters (504)",76,1,113242.24972534186,2910.07006835938,18.664490484655367,10.4841165542603
1990,625,Bus drivers (625),105,115,157014.7697906494,182523.2702331543,16.68155579982617,14.409700436668953
1990,200,"Buyers and department heads, store (200)",41,58,63975.680267333984,96125.93914794922,25.817791102877766,16.275528649390587
1990,201,"Buyers and shippers, farm products (201)",165,65,271637.8192749023,107485.47998046874,37.744012228398525,21.386486614690607
1990,510,Carpenters (510),347,5,560558.6810913086,12621.98022460938,17.55275257011169,19.756073531902096
1990,320,Cashiers (320),74,558,128567.13996887206,877056.1203308105,12.344790476642254,10.1517280734692
1990,753,Charwomen and cleaners (753),50,261,94669.96066284178,362349.8996429443,11.697210997192967,8.300745985653643
1990,7,Chemists (7),46,23,73716.49993896484,40047.40011596678,28.887833157219347,24.1185125630732
1990,9,Clergymen (9),121,16,185588.17010498047,28520.030090332057,13.471378748000802,11.59969873829631
1990,390,Clerical and kindred workers (n.e.c.) (390),741,2346,1244203.9194259644,3801193.030441284,20.518524720731396,14.692678440434884
1990,321,"Collectors, bill and account (321)",23,41,33541.90005493165,72895.4700317383,16.110720555737828,14.713651269412866
1990,512,Compositors and typesetters (512),11,15,14622.930023193363,26650.970153808583,24.817912288342143,15.317251075080492
1990,754,"Cooks, except private household (754)",286,434,428688.3998565673,628401.1097564697,12.000377958112106,9.012747555407001
1990,760,Counter and fountain workers (760),9,27,11892.700012207026,41994.29006958009,8.557162716469591,8.659618378347302
1990,513,"Cranemen, derrickmen, and hoistmen (513)",51,2,82883.28974914548,2889.559936523442,22.808871179391492,9.671048759316896
1990,31,Dancers and dancing teachers (31),1,1,2549.2099609375,1516.18005371094,19.0096626281738,7.863087654113771
1990,632,Deliverymen and routemen (632),295,26,471675.5302581787,41965.179931640625,16.311121336848267,11.083955008060045
1990,32,Dentists (32),5,2,4796.90995788574,2611.6400146484402,40.44280187711503,15.949066543825353
1990,33,Designers (33),72,84,119759.96032714842,136416.2895202636,23.041732618844684,15.853416586095012
1990,34,Dietitians and nutritionists (34),1,39,1980.22998046875,78014.11004638672,11.340991973877,18.64006395611889
1990,322,"Dispatchers and starters, vehicle (322)",49,55,76393.04055786133,99138.91003417964,17.478478121204734,13.560727035109002
1990,35,Draftsmen (35),93,18,158511.13015747073,27895.99023437498,22.11943083362124,15.326573356022163
1990,633,"Dressmakers and seamstresses, except factory (633)",1,26,3335.55004882812,39699.86026000975,34.0229759216309,8.683986214243388
1990,81,Economists (81),24,33,40884.09963989256,50165.159912109375,33.73977147275951,21.25448508519994
1990,36,Editors and reporters (36),81,104,126450.42912292479,147114.41055297854,31.16319574496037,22.159312307925003
1990,515,Electricians (515),308,6,479882.4002838135,9232.809814453121,23.809012007129276,17.89537257384415
1990,49,Engineers (n.e.c.) (49),122,11,189807.8600158691,19861.580139160145,29.33847162756655,21.067684849784445
1990,41,"Engineers, aeronautical (41)",38,2,84839.44046020508,3544.75,30.304501897390725,23.554053150482556
1990,42,"Engineers, chemical (42)",42,7,70755.91998291014,9956.550048828127,32.44783309252486,24.86440732364215
1990,43,"Engineers, civil (43)",122,7,200082.7398223877,16713.29016113281,29.611116506055712,24.612673117434873
1990,44,"Engineers, electrical (44)",265,29,448553.9595031738,56197.690551757805,31.648766252954854,32.55750352495302
1990,45,"Engineers, industrial (45)",111,28,189945.14012146,44272.10992431643,30.139967285234214,25.640534474795658
1990,46,"Engineers, mechanical (46)",142,8,252701.53976440427,11853.630065917956,32.68859861316528,21.6926792064124
1990,47,"Engineers, metallurgical, and metallurgists (47)",6,1,10523.98004150391,727.330017089844,37.7900806238544,17.6919479370117
1990,48,"Engineers, mining (48)",8,2,11990.330413818358,4558.5400390625,40.83399806724187,38.98916533022397
1990,521,"Engravers, except photoengravers (521)",2,3,3568.76007080078,2747.560028076172,15.993645165957119,5.7380043351604195
1990,51,Entertainers (n.e.c.) (51),28,29,47391.58966064454,47726.09004211423,28.416656141152178,21.32445357102899
1990,522,"Excavating, grading, and road machinery operators (522)",193,2,264588.0993499756,2013.969970703122,18.369331839723415,9.191967625572161
1990,635,"Filers, grinders, and polishers, metal (635)",55,15,93847.66067504883,20595.790100097664,18.467465652472544,13.41493221400185
1990,523,Foremen (n.e.c.) (523),771,113,1246071.4294281006,171474.98947143558,23.672149406932245,16.85434582153971
1990,53,Foresters and conservationists (53),9,1,7095.950012207028,924.119995117188,25.661156098723538,15.1213226318359
1990,930,"Gardeners, except farm, and groundskeepers (930)",155,9,259750.77919006348,12120.619995117193,11.073613883540323,8.788103510416223
1990,63,Geologists and geophysicists (63),19,3,30712.700134277373,3221.8999786377008,40.2832538531748,20.70652018313115
1990,763,"Guards, watchmen, and doorkeepers (763)",348,100,542652.609954834,171432.50939941406,16.23076447819174,19.288119259874836
1990,531,"Heat treaters, annealers, and temperers (531)",4,1,7138.370117187498,2584.13989257812,20.332373510660975,8.34016513824463
1990,764,"Housekeepers and stewards, except private household (764)",40,36,63072.879669189446,58112.930236816406,25.576815874152732,10.23800571482303
1990,700,"Housekeepers, private household (700)",1,10,1027.77001953125,10876.299926757805,9.07279396057129,7.388297101608126
1990,430,Hucksters and peddlers (430),17,41,22876.800231933605,55746.089721679695,21.153655498421152,15.93292002736766
1990,533,Inspectors (n.e.c.) (533),29,6,62140.05993652346,9580.359985351552,22.8622389883195,15.556525400427951
1990,210,"Inspectors, public administration (210)",76,22,118625.86947631839,36899.87979125977,26.640652292591394,21.412639407964917
1990,450,Insurance agents and brokers (450),184,217,298271.6994934082,368576.02961730957,26.98254603633662,18.171279671136386
1990,770,Janitors and sextons (770),571,286,881817.5108337402,421374.97091674805,12.792320094437446,10.174284077301996
1990,534,"Jewelers, watchmakers, goldsmiths, and silversmiths (534)",22,15,26637.950073242184,16725.509918212894,16.63132957854396,12.820222197585379
1990,535,"Job setters, metal (535)",11,3,21944.709655761748,4522.64001464844,18.563773946041277,18.6664456308619
1990,970,Laborers (n.e.c.) (970),1158,235,1884315.4487304688,337207.39891052246,15.51980563505917,11.653724359669727
1990,643,Laundry and dry cleaning operatives (643),38,115,55227.880157470696,170217.9703674316,11.420266881126798,9.49329386828675
1990,55,Lawyers and judges (55),181,68,275715.3895111084,105172.30923461917,43.26995929708166,36.466839336380716
1990,56,Librarians (56),17,114,28084.020004272475,164648.8099365234,21.445475146226535,19.513463347300235
1990,540,"Linemen and servicemen, telegraph, telephone, and power (540)",167,14,250552.84826660156,20893.56982421877,25.34787785115807,21.961777535493326
1990,544,Machinists (544),225,10,357973.3099975586,19951.529724121072,19.698987271861675,11.033099924895215
1990,335,Mail carriers (335),144,41,237416.9405517578,68973.83007812499,21.436274655962293,17.89423357914659
1990,230,"Managers and superintendents, building (230)",80,65,134685.91021728516,117678.28939819336,22.540323785202247,16.58424938872522
1990,290,"Managers, officials, and proprietors (n.e.c.) (290)",2857,1732,4696346.905899048,2788419.4804382324,29.57388551746895,18.530496975107116
1990,644,"Meat cutters, except slaughter and packing house (644)",88,27,129070.70960998534,41295.279968261726,16.38597389215402,7.4104114241722465
1990,554,"Mechanics and repairmen, (n.e.c.) (554)",749,22,1199418.6402893066,30884.119934082035,19.666638557768344,17.273880927899636
1990,545,"Mechanics and repairmen, airplane (545)",55,1,87099.63011169434,1325.21997070312,24.523071986361327,20.4440269470215
1990,550,"Mechanics and repairmen, automobile (550)",479,4,760349.1394805908,4517.509948730466,17.454144411480755,12.975367050474999
1990,551,"Mechanics and repairmen, office machine (551)",91,9,179303.21044921875,13978.699951171882,24.008593002939847,20.130975868593428
1990,552,"Mechanics and repairmen, radio and television (552)",68,5,106059.46984863283,12647.60986328125,18.815483586005623,20.375713101062004
1990,340,Messengers and office boys (340),28,12,53879.43966674805,21937.17004394533,14.92877325096589,14.94936601670149
1990,560,Millwrights (560),42,2,67198.5800018311,4054.7301025390598,25.440151854384844,13.36970346331466
1990,650,Mine operatives and laborers (650),100,4,158034.31964111334,8049.839965820307,23.380470803334795,19.353750388637426
1990,69,Miscellaneous natural scientists (69),8,2,14574.28018188477,1849.950057983401,37.352568260666295,11.982275023101657
1990,84,Miscellaneous social scientists (84),9,6,18865.909896850568,4354.3000793457,29.209840160883807,15.092009521546762
1990,57,Musicians and music teachers (57),118,255,201193.84002685547,396471.7988128662,21.004055295397123,19.144841834571803
1990,460,Newsboys (460),10,11,16191.649841308603,20275.020202636715,13.46991349612689,9.60907800261742
1990,58,"Nurses, professional (58)",91,897,147277.1794281006,1396437.4697113037,24.095437553505437,23.59947527854343
1990,341,Office machine operators (341),164,449,244742.4903717041,741283.9689331055,19.80955593040034,13.821766816402267
1990,240,"Officers, pilots, pursers, and engineers, ship (240)",8,1,11797.329956054688,1293.57995605469,21.294937069648274,15.9461221694946
1990,250,"Officials and administrators (n.e.c.), public administration (250)",209,259,313219.5595397949,385509.0497741699,27.717033466273133,19.918671924972895
1990,690,Operatives and kindred workers (n.e.c.) (690),1642,1543,2706774.281730652,2335315.0804901123,17.408642369936384,12.107078237223826
1990,563,Opticians and lens grinders and polishers (563),9,19,16805.7900390625,26863.730102539055,19.22845160834678,15.276969983492217
1990,70,Optometrists (70),3,2,3251.5500488281223,1202.049987792969,12.757276332124835,10.982420477138852
1990,564,"Painters, construction and maintenance (564)",128,2,199301.29055786133,2437.0700683593723,15.003041487466284,16.64198071086282
1990,670,"Painters, except construction and maintenance (670)",65,11,95987.67971801759,16364.080139160153,18.63155611554572,12.586640696611726
1990,565,Paperhangers (565),4,6,6192.43994140625,6661.690063476566,15.888451416969101,12.043855083900421
1990,570,"Pattern and model makers, except paper (570)",7,2,11246.52001953125,2559.190063476558,17.022084088817174,30.45787886565075
1990,72,Personnel and labor relations workers (72),100,177,154506.8096923828,284354.61923217773,30.832706773384846,20.98740493032474
1990,73,Pharmacists (73),35,23,58981.499816894524,27741.190124511693,33.82016850030121,25.19591929277332
1990,571,Photoengravers and lithographers (571),14,5,17295.479980468765,8559.630157470709,27.02320792306248,15.16343591091335
1990,74,Photographers (74),22,5,39654.5005493164,8213.289840698231,16.92166386023069,11.825380612245777
1990,671,Photographic process workers (671),16,12,28639.990295410174,16694.539871215817,17.32503880673346,11.419468706939723
1990,75,Physicians and surgeons (75),99,41,152802.12031555176,67909.47958374022,39.1579686776747,26.147036830527515
1990,68,Physicists (68),21,3,30543.699890136726,6218.789916992196,33.74645335836143,19.79121333117764
1990,574,Plumbers and pipe fitters (574),157,2,245482.79031372067,3476.30004882812,24.835355319146558,15.488260934174814
1990,773,Policemen and detectives (773),272,46,437460.4305496216,74704.02005004884,24.87521825395318,20.098214250402226
1990,270,Postmasters (270),4,7,4402.200042724606,7794.1698913574355,31.42470834785425,24.06644205176243
1990,781,Practical nurses (781),4,225,5412.4898071289035,386901.5714416504,13.23122522701701,15.523071955306092
1990,575,"Pressmen and plate printers, printing (575)",111,14,183726.29960632324,22327.48030090331,20.577158910649633,14.74117323318414
1990,720,Private household workers (n.e.c.) (720),6,212,9401.820068359375,319371.7600784302,12.52984211916253,8.460597410680698
1990,99,"Professional, technical, and kindred workers (n.e.c.) (99)",475,587,809947.0893707275,916129.3793792725,27.562676728971635,18.49923961423499
1990,13,"Professors and instructors, biological sciences (13)",6,5,10444.899902343739,7257.209960937497,30.175067394604657,23.7271473908899
1990,14,"Professors and instructors, chemistry (14)",3,2,2218.620025634768,2158.630004882812,36.507101191339935,28.076152620933243
1990,15,"Professors and instructors, economics (15)",6,1,7666.049987792977,949.309997558594,32.97414937553659,16.3814334869385
1990,16,"Professors and instructors, engineering (16)",25,9,33345.14993286131,14865.929931640627,26.842593313809317,19.17538940063936
1990,19,"Professors and instructors, medical sciences (19)",11,17,20389.390029907234,27501.640136718746,36.319553272830454,25.77433178428064
1990,28,"Professors and instructors, nonscientific subjects (28)",35,36,59002.699676513665,49241.61981201173,27.629610947784958,19.893166045209334
1990,23,"Professors and instructors, physics (23)",7,1,10661.059753417969,1645.17004394531,22.4308557815269,24.1941146850586
1990,24,"Professors and instructors, psychology (24)",4,2,4591.02999877929,4181.919982910151,55.91471519515837,14.4623436429049
1990,27,"Professors and instructors, social sciences (n.e.c.) (27)",20,6,30394.360229492188,11357.949951171888,26.00264157741998,25.036148019526653
1990,29,"Professors and instructors, subject not specified (29)",76,50,121591.81018066403,73865.10992431638,29.077450883535374,19.961748044963834
1990,82,Psychologists (82),23,47,39562.55984497072,78902.68991088864,24.624673390234783,20.241349318753773
1990,280,Purchasing agents and buyers (n.e.c.) (280),100,81,160453.32028198245,130959.22073364258,28.83424498288887,19.26629895802437
1990,76,Radio operators (76),20,4,35181.780044555664,10966.62976074218,28.60856024795753,28.395354270736
1990,470,Real estate agents and brokers (470),70,111,119721.91036987306,174132.78974914548,28.77183002252152,19.48550313955743
1990,77,Recreation and group workers (77),4,25,4857.619964599611,42946.60998535156,16.909124514065137,12.820432294183915
1990,78,Religious workers (78),14,20,23978.59985351562,30772.179992675774,14.041572802885407,12.638209231371942
1990,580,"Rollers and roll hands, metal (580)",5,1,7438.709899902344,2837.2099609375,20.46472001236846,10.2220134735107
1990,673,Sailors and deck hands (673),7,1,15420.729858398428,606.409973144531,16.486980795124545,5.67049598693848
1990,490,Salesmen and sales clerks (n.e.c.) (490),994,724,1661163.2574005127,1200218.998840332,22.36433219189041,13.398944739932332
1990,674,Sawyers (674),32,6,51872.43002319336,12021.78015136718,11.790985095976145,8.463036742315314
1990,790,"Service workers, except private household (n.e.c.) (790)",118,253,179879.92013549802,381997.9100036621,8.892874817390252,9.152008279308996
1990,782,Sheriffs and bailiffs (782),49,8,78957.29992675781,13000.040069580074,22.191453162614657,14.351575811795783
1990,342,Shipping and receiving clerks (342),215,83,351255.28942871094,134904.57977294922,17.299929786134545,14.210683366744082
1990,79,"Social and welfare workers, except group (79)",85,182,137480.45085144043,259543.71966552737,18.357511012645478,18.752447277017115
1990,91,Sports instructors and officials (91),8,5,12378.96014404297,12240.65014648437,17.987529270365595,17.24502655661437
1990,583,Stationary engineers (583),101,1,161687.94010925293,162.559997558594,21.43390386826382,27.5424098968506
1990,83,Statisticians and actuaries (83),9,11,17188.580047607426,13633.309906005854,43.28715513763229,20.54916826714766
1990,350,"Stenographers, typists, and secretaries (350)",26,2042,46400.93038940428,3147194.6382751465,18.692549777172527,14.143896334411938
1990,480,Stock and bond salesmen (480),80,28,130364.28927612305,42970.31994628908,41.742716531591704,22.473906025690585
1990,585,Structural metal workers (585),30,3,51152.5001525879,5092.110137939459,20.607271526290784,12.78029414924889
1990,92,Surveyors (92),34,4,59940.840057373025,4956.610046386719,19.37498349387988,15.809873964330258
1990,681,"Switchmen, railroad (681)",3,1,4470.5100097656305,1721.9599609375,26.27188302885366,37.0472373962402
1990,590,Tailors and tailoresses (590),12,10,20151.000061035164,13068.740051269524,15.589783540922694,13.367190175610281
1990,682,Taxicab drivers and chauffeurs (682),62,9,89059.51988220215,15210.12997436524,13.706947680002553,9.106261699302554
1990,93,Teachers (n.e.c.) (93),557,1427,857834.010269165,2168845.0773620605,24.161184072537942,20.237960461516575
1990,96,Technicians (n.e.c.) (96),79,44,134307.240234375,73240.50946044923,24.070435279621787,19.843784766299265
1990,94,"Technicians, medical and dental (94)",101,309,157893.5499267578,478311.3796234131,19.627116282723573,17.84853831597533
1990,95,"Technicians, testing (95)",292,111,481705.5900115967,181676.84945678714,23.843160973883947,16.688254002142042
1990,365,Telegraph operators (365),1,2,256.470001220703,1776.340026855466,24.1941146850586,20.260377065146205
1990,370,Telephone operators (370),9,83,13704.910140991216,126807.21011352538,20.174752633572464,14.660733428208436
1990,97,Therapists and healers (n.e.c.) (97),21,80,24732.390197753914,125526.84968566893,22.049502656947958,21.38513015123402
1990,380,"Ticket, station, and express agents (380)",20,29,30996.730041503895,40082.31997680665,18.8265344728712,16.707548216548822
1990,591,"Tinsmiths, coppersmiths, and sheet metal workers (591)",69,7,119991.57009887697,9859.729919433588,22.00229738257787,11.623182065491745
1990,592,"Tool makers, and die makers and setters (592)",77,1,126430.52014160156,2619.93994140625,24.124514097349486,18.1455879211426
1990,683,Truck and tractor drivers (683),808,21,1259488.6880722046,31752.220214843754,17.403718836608533,14.664183427329808
1990,593,Upholsterers (593),15,2,20438.559906005878,2240.25,15.275920778597397,8.509994809563693
1990,98,Veterinarians (98),8,1,12994.069732666014,2740.580078125,24.933934797748783,20.0066719055176
1990,784,Waiters and waitresses (784),63,359,113071.89939880371,557704.5281677246,12.57430126482861,9.223878158167356
1990,785,Watchmen (crossing) and bridge tenders (785),3,7,4182.999908447266,15398.890136718739,13.755179189822432,12.60760890299268
1990,684,"Weavers, textile (684)",4,13,8931.32006835938,20600.990173339855,17.286347882822625,12.011933606534269
1990,685,Welders and flame-cutters (685),249,13,398955.550201416,16069.469848632823,18.772006033940954,16.368006301421318
1999,0,Accountants and auditors (0),180,301,380285.4296875,639394.2607116699,28.311431021208886,21.796725475659457
1999,400,Advertising agents and salesmen (400),28,38,62141.300018310576,81143.3598632813,28.280557410431218,19.218935643383247
1999,61,Agricultural scientists (61),14,2,20363.330230712887,3770.589965820312,25.10601488479576,27.16872213716681
1999,2,Airplane pilots and navigators (2),37,4,83660.90014648438,8282.849914550774,51.95591156891111,36.06967906480732
1999,604,Apprentice machinists and toolmakers (604),2,1,4492.1101074218695,2304.22998046875,23.046809313893302,16.1411151885986
1999,3,Architects (3),40,4,76364.32958984374,8103.579986572263,30.831557659033027,22.28658452069933
1999,4,Artists and art teachers (4),14,17,27553.409942626953,35852.98992919921,19.652584074729543,13.10264342098367
1999,620,Asbestos and insulation workers (620),20,3,47462.339965820305,6371.7900390625,19.659640923211896,13.199714329826458
1999,301,"Attendants and assistants, library (301)",5,36,10084.180175781248,76774.48974609372,20.183573749764754,13.295133374191803
1999,621,"Attendants, auto service and parking (621)",40,5,76026.49105834958,7887.910095214852,10.76156264730861,11.339787080741075
1999,730,"Attendants, hospital and other institution (730)",56,540,105374.12001037596,1070355.3700714111,11.741795702189775,11.412742975269161
1999,302,"Attendants, physician's and dentist's office (302)",20,158,37491.16967773435,334184.1904907226,14.388272045382552,13.330023555505118
1999,731,"Attendants, professional and personal service (n.e.c.) (731)",17,227,40402.80004882813,450068.05056762695,14.101259264328188,9.939363909044188
1999,732,"Attendants, recreation and amusement (732)",41,44,68586.84936523435,86972.91033935545,18.82058691128167,14.435717350727867
1999,6,Authors (6),7,14,14558.440093994139,26078.889953613274,19.190578893671017,22.067076308316818
1999,500,Bakers (500),23,19,46714.699951171875,37784.06005859375,13.674909981274034,12.244572951803026
1999,305,Bank tellers (305),4,113,8818.86987304688,232006.4997253418,16.804005264155208,12.124884838130956
1999,740,"Barbers, beauticians, and manicurists (740)",20,128,44763.39947509765,265531.98013305664,12.452786504239569,13.376206737943793
1999,750,Bartenders (750),39,56,63949.110290527344,89018.57019042969,13.395708598133607,10.425617884245149
1999,62,Biological scientists (62),30,15,76791.99067687987,30341.35000610351,27.683246164895863,29.632326536795315
1999,502,Bookbinders (502),2,5,4112.4499511718805,6737.250030517584,19.01234814563734,9.576799642903902
1999,310,Bookkeepers (310),29,452,72398.59001159668,948405.5804290771,15.490766242318394,15.12087998637397
1999,625,Bus drivers (625),80,94,158921.63946533203,191809.40069580075,17.945410266099216,14.770735825867282
1999,200,"Buyers and department heads, store (200)",29,40,65076.13031005858,100480.51919555667,21.73268340960906,17.71890393667071
1999,201,"Buyers and shippers, farm products (201)",153,91,343085.7004394531,194433.33056640628,44.58148728600484,27.246763861343684
1999,510,Carpenters (510),307,5,616115.300491333,5814.319946289062,17.84091823982406,16.225110467927202
1999,320,Cashiers (320),80,430,190193.18115234375,833394.0289306641,13.695897387051582,10.747427134404923
1999,511,Cement and concrete finishers (511),20,2,40168.81970214844,4215.0500488281305,17.22590229961421,25.316528638407405
1999,753,Charwomen and cleaners (753),33,189,62410.72024536133,321050.14039611816,12.448434656281322,10.178376800303388
1999,7,Chemists (7),45,12,102465.13024902347,21564.700134277336,29.99402826644711,29.729922177632364
1999,9,Clergymen (9),79,15,175897.63986206052,28814.129974365253,16.139450151843175,11.029405649482705
1999,390,Clerical and kindred workers (n.e.c.) (390),575,1899,1229875.431854248,3906990.8450393677,19.77660709844251,15.669391986375931
1999,321,"Collectors, bill and account (321)",14,31,31171.590545654286,65088.10052490229,20.050691570462885,18.939282825152013
1999,512,Compositors and typesetters (512),5,4,10936.1798095703,8764.6201171875,24.4075280789874,14.299920057744469
1999,754,"Cooks, except private household (754)",259,335,457125.56939697266,628096.0801849365,11.098559992988795,9.863237395260677
1999,760,Counter and fountain workers (760),6,26,12847.639739990233,46512.780395507834,10.477848572172663,8.409725951870463
1999,632,Deliverymen and routemen (632),42,8,87667.94966888423,18169.77001953125,17.377435832143828,11.458147032845742
1999,420,Demonstrators (420),4,7,8713.5799560547,11419.259735107416,18.244081079692574,13.387123187668259
1999,32,Dentists (32),7,6,17067.920227050767,11165.420043945312,67.11384069253776,32.13860163513474
1999,33,Designers (33),74,103,163414.7305297851,219496.19064331055,27.136965821433567,17.810869703178568
1999,34,Dietitians and nutritionists (34),5,30,17016.179931640632,64375.46994018555,26.19351012392457,18.767794740853905
1999,322,"Dispatchers and starters, vehicle (322)",46,45,107266.67016601562,87117.54000854492,18.260633738570377,15.689353851026366
1999,35,Draftsmen (35),50,14,109416.59094238281,28751.680007934574,23.58306989034097,19.7757506503521
1999,81,Economists (81),23,18,43877.77993774415,43122.78001403808,47.38966575326641,28.954678478644144
1999,36,Editors and reporters (36),60,79,118867.13980102543,148921.60026550293,28.468711861264087,22.47403413131611
1999,515,Electricians (515),233,6,497074.7500305176,10077.509948730449,25.080893554568558,16.469993880979903
1999,761,Elevator operators (761),1,1,1341.98999023438,442.410003662109,19.0758628845215,15.6422080993652
1999,49,Engineers (n.e.c.) (49),97,15,201945.65014648438,32936.49005126952,31.82480541361141,28.04354688709453
1999,42,"Engineers, chemical (42)",18,4,39613.51986694337,10413.91003417968,39.90454445303141,30.98447067713112
1999,43,"Engineers, civil (43)",78,5,174821.25033569336,5967.980072021483,31.97144463944401,25.170648146961316
1999,44,"Engineers, electrical (44)",203,23,425417.3900604248,55159.58020019532,35.13859403730541,34.75583495340578
1999,45,"Engineers, industrial (45)",104,56,222629.38018798828,125175.66076660158,31.423662752965935,24.527430749419494
1999,46,"Engineers, mechanical (46)",102,7,238943.6208190918,16610.39990234374,32.36897850883781,36.77635039412619
1999,47,"Engineers, metallurgical, and metallurgists (47)",7,2,15096.66015625001,6308.8601074218695,37.99451331705128,38.104794901529296
1999,521,"Engravers, except photoengravers (521)",1,1,2219.080078125,716.299987792969,6.21731853485107,7.353174209594731
1999,51,Entertainers (n.e.c.) (51),24,25,50979.529998779275,47359.449859619155,27.56195333930352,31.09059426615322
1999,522,"Excavating, grading, and road machinery operators (522)",120,3,226737.79003906247,7356.449829101561,23.063324323595733,28.563419158910172
1999,635,"Filers, grinders, and polishers, metal (635)",30,7,65646.9598388672,13547.56018066406,18.550316467324127,11.374477311525489
1999,762,"Firemen, fire protection (762)",104,1,228989.52877807617,3002.92993164062,23.90410424835327,12.7376222610474
1999,523,Foremen (n.e.c.) (523),501,98,1039589.3996887207,201111.75079345703,22.684288053891628,16.93889203510021
1999,53,Foresters and conservationists (53),12,1,22993.419647216797,1644.18005371094,25.109694722773323,17.11936378479
1999,54,Funeral directors and embalmers (54),5,4,12640.88000488282,10480.45983886719,16.027961388959937,25.34237211005293
1999,525,Furriers (525),2,2,3088.7900390625,4493.0,19.78469218909034,21.15628530140054
1999,930,"Gardeners, except farm, and groundskeepers (930)",173,11,305663.489654541,18263.349975585938,12.362279690631517,9.245969339572381
1999,63,Geologists and geophysicists (63),16,2,35231.27005004882,4283.10998535156,33.792555287640596,23.571115269044757
1999,763,"Guards, watchmen, and doorkeepers (763)",238,88,513821.93977355957,221501.5608215332,16.35811530169286,21.120163118999532
1999,764,"Housekeepers and stewards, except private household (764)",35,25,70896.47018432617,46007.720001220696,17.203050944786927,11.696995149745156
1999,430,Hucksters and peddlers (430),17,26,38865.120361328125,64400.03976440429,22.55596816675272,14.570085446707267
1999,533,Inspectors (n.e.c.) (533),28,5,47899.96990966796,9930.150146484375,21.869154869283154,28.302334142888835
1999,210,"Inspectors, public administration (210)",71,42,141956.7897338867,100078.90985107422,25.53201092993367,23.50404526247834
1999,450,Insurance agents and brokers (450),112,207,222910.419921875,448220.1393127441,26.45147641194332,20.669091888042367
1999,770,Janitors and sextons (770),403,232,739776.7011108398,440192.83001708984,13.117465380815588,10.73706430942917
1999,534,"Jewelers, watchmakers, goldsmiths, and silversmiths (534)",14,5,22258.930023193345,9295.78997802733,17.301695777334377,12.805741049081798
1999,535,"Job setters, metal (535)",6,1,13295.67980957031,1801.2099609375,19.557350401284467,22.0106105804443
1999,970,Laborers (n.e.c.) (970),944,214,2012980.8842544556,440703.8304748535,15.876257641223804,11.582643103583427
1999,643,Laundry and dry cleaning operatives (643),21,61,52126.43969726565,101390.72047424312,12.12812441227271,9.169983819980478
1999,55,Lawyers and judges (55),118,73,247057.69905090332,141769.96044921875,49.2906108318479,32.042456787323964
1999,56,Librarians (56),9,79,16623.200317382823,160521.40069580078,23.656722809625947,21.689127869880316
1999,540,"Linemen and servicemen, telegraph, telephone, and power (540)",142,14,293071.5594177246,25924.65002441405,26.152344368418746,23.590101608254304
1999,541,Locomotive engineers (541),13,1,30551.630279541023,539.559997558594,27.653290182514695,18.9535808563232
1999,940,Longshoremen and stevedores (940),7,1,16462.610137939468,1195.73999023438,40.917645932998916,32.6083145141602
1999,544,Machinists (544),166,12,358604.9792480469,23640.840209960923,23.049484596012945,21.8194640687137
1999,335,Mail carriers (335),74,36,144606.1491394043,74880.36956787111,22.00077881476347,20.150536777735603
1999,230,"Managers and superintendents, building (230)",61,56,134630.39910888675,110345.73001098631,24.35227241062863,16.276167512781115
1999,290,"Managers, officials, and proprietors (n.e.c.) (290)",2605,1810,5535165.699417114,3838406.5098190308,30.887569721929022,21.452785428355316
1999,644,"Meat cutters, except slaughter and packing house (644)",60,27,104851.65942382811,50801.59014892579,14.03914412471978,9.763549779441044
1999,554,"Mechanics and repairmen, (n.e.c.) (554)",661,29,1424267.7775878906,53977.31047058108,20.424475282582627,16.490357604240785
1999,545,"Mechanics and repairmen, airplane (545)",47,1,113491.22967529297,1837.10998535156,25.778377879876068,13.2063665390015
1999,550,"Mechanics and repairmen, automobile (550)",340,2,698167.1980819702,2360.750061035151,17.41951598404893,20.73207807599842
1999,551,"Mechanics and repairmen, office machine (551)",95,17,214969.07925415036,40264.62014770506,22.926710446383627,25.568608567993625
1999,552,"Mechanics and repairmen, radio and television (552)",58,1,125760.96072387698,2343.88989257812,23.937495741274184,13.2020874023438
1999,340,Messengers and office boys (340),34,10,80685.0596618652,26447.13012695311,14.47922540051788,11.795262079687015
1999,69,Miscellaneous natural scientists (69),13,10,24598.220245361335,19908.57986450195,29.48520610666753,26.964120789569456
1999,84,Miscellaneous social scientists (84),6,16,14883.689941406245,35879.129943847656,24.84534592154061,19.77206223982646
1999,57,Musicians and music teachers (57),129,251,262000.8101196289,530732.9400939941,22.010816660968455,21.28959521378887
1999,460,Newsboys (460),6,3,19278.31030273436,7073.9699707031195,14.601626620920788,7.961061948336129
1999,58,"Nurses, professional (58)",124,921,269331.0602416992,1915809.8325195312,30.342442411749253,25.37929857777966
1999,341,Office machine operators (341),83,316,172777.04071044922,622534.8706665039,20.91242425109743,15.397334393372649
1999,250,"Officials and administrators (n.e.c.), public administration (250)",165,297,314482.4003601074,606085.3392181396,31.373485117592292,22.15626669224901
1999,690,Operatives and kindred workers (n.e.c.) (690),1416,1010,2936034.7977600098,2062140.0700073242,17.84524277744372,12.236747560718053
1999,563,Opticians and lens grinders and polishers (563),8,21,20588.53967285156,53013.94003295899,20.686866897154083,14.289505135966666
1999,70,Optometrists (70),4,2,7165.160217285151,6574.41015625,57.51842195187768,34.865051191118006
1999,564,"Painters, construction and maintenance (564)",111,4,236037.21142578125,6545.050018310543,17.441903668033728,7.444906016435461
1999,670,"Painters, except construction and maintenance (670)",59,7,124061.80062866212,11879.040191650398,16.850961135918862,10.960533819888726
1999,565,Paperhangers (565),7,5,11587.98999023438,7762.290039062496,19.51399043868175,17.91409878641477
1999,72,Personnel and labor relations workers (72),82,135,189622.59921264648,300918.4499206543,31.640287577066154,26.132333116080112
1999,73,Pharmacists (73),34,32,74930.65026855469,65398.1704864502,34.8617383330236,37.63733195679994
1999,571,Photoengravers and lithographers (571),8,6,21794.04016113279,16359.45007324218,30.36346726395239,18.9536241099469
1999,74,Photographers (74),19,7,39190.860198974595,15631.509918212882,29.805770660674327,14.394474634624345
1999,671,Photographic process workers (671),14,8,28472.189941406254,18545.45007324219,16.673071091714565,13.074775103236238
1999,75,Physicians and surgeons (75),104,41,213521.66049194336,88580.80963134764,57.94358693836217,37.64488334450191
1999,68,Physicists (68),12,2,25638.719726562496,3761.080078125,28.728401848432068,29.844417234392118
1999,574,Plumbers and pipe fitters (574),151,1,303438.52056884766,1873.66003417969,22.593380902152692,35.3256721496582
1999,773,Policemen and detectives (773),246,39,505194.62187957764,93686.1696166992,27.76700817945397,25.812886471606568
1999,780,Porters (780),14,1,32184.47021484377,1108.81005859375,12.901093925913022,14.2886457443237
1999,672,Power station operators (672),12,1,26118.220123291012,2912.11010742188,35.43606030539875,25.679048538207997
1999,781,Practical nurses (781),6,146,13054.590026855458,297684.6882019043,18.250452663931032,16.539596495310814
1999,575,"Pressmen and plate printers, printing (575)",71,15,145393.5305786133,30343.059661865227,20.12413917570142,11.987549084241879
1999,720,Private household workers (n.e.c.) (720),9,203,14359.88995361329,362554.6605529785,37.21984371631514,10.289119179598204
1999,99,"Professional, technical, and kindred workers (n.e.c.) (99)",566,526,1275449.5827636719,1054770.1489639282,33.52499555928339,21.778195291733127
1999,13,"Professors and instructors, biological sciences (13)",7,9,10566.31990051269,21258.78002929687,23.36175571299937,24.164979694146783
1999,14,"Professors and instructors, chemistry (14)",6,2,8933.689849853516,4590.30993652344,34.1673092048242,29.20299831505559
1999,15,"Professors and instructors, economics (15)",5,1,11168.800109863281,408.299987792969,38.4836430577173,24.4562358856201
1999,16,"Professors and instructors, engineering (16)",20,5,38619.9602355957,12227.900146484371,27.802167940239833,23.181996361795136
1999,18,"Professors and instructors, mathematics (18)",3,1,4126.699920654291,441.190002441406,39.731404940180816,15.2851467132568
1999,19,"Professors and instructors, medical sciences (19)",10,14,20459.96997070312,34270.17001342772,32.545190593289796,25.60271796777088
1999,28,"Professors and instructors, nonscientific subjects (28)",23,39,42115.14035034179,80246.17053222656,24.323770579495836,24.56209107576882
1999,23,"Professors and instructors, physics (23)",4,1,4918.9599609375,3672.84008789062,19.539266986017797,22.2551746368408
1999,24,"Professors and instructors, psychology (24)",8,5,16901.56982421876,7914.5297851562445,27.9511574062224,27.620797703721003
1999,27,"Professors and instructors, social sciences (n.e.c.) (27)",21,6,36094.95986938476,11851.250061035154,25.03817586331921,28.334385507345647
1999,29,"Professors and instructors, subject not specified (29)",69,58,143364.20050048825,118925.15936279294,26.141432172282272,23.08387270052623
1999,82,Psychologists (82),21,37,40598.16055297851,76928.54995727536,30.668651487019698,24.622641380580053
1999,280,Purchasing agents and buyers (n.e.c.) (280),58,81,118019.88958740231,182028.67065429688,29.19597523424039,21.242228708547334
1999,76,Radio operators (76),26,1,51996.96057128905,1862.67004394531,29.101426918805483,11.6167106628418
1999,470,Real estate agents and brokers (470),53,69,126619.17022705078,145132.8499450684,26.30489944488131,21.116810280110883
1999,77,Recreation and group workers (77),3,19,6928.49987792968,41557.04010009765,17.32945940359443,13.075543152541263
1999,78,Religious workers (78),12,33,25594.339691162113,73007.59011840817,22.670606918351787,17.583861640525704
1999,490,Salesmen and sales clerks (n.e.c.) (490),743,535,1629637.809753418,1115700.6214904785,24.632526940859275,17.414998966315828
1999,674,Sawyers (674),16,3,21500.650070190426,7858.2399902343805,14.641606169985707,14.251366080066214
1999,790,"Service workers, except private household (n.e.c.) (790)",117,238,212410.83032226565,447411.6587524414,11.402663572285624,9.68163396168103
1999,782,Sheriffs and bailiffs (782),44,9,96234.59069824222,25702.380249023456,21.612443994002692,19.19537774475369
1999,342,Shipping and receiving clerks (342),172,102,371871.6590270996,230397.6983947754,17.43108733090935,13.71833031686593
1999,79,"Social and welfare workers, except group (79)",79,204,165806.34054565424,408321.73095703125,20.459836412966713,19.199431207848395
1999,91,Sports instructors and officials (91),19,2,43991.249908447266,1969.2500305175781,19.237687752468155,21.375788599952855
1999,583,Stationary engineers (583),55,1,102761.96014404298,858.080017089844,22.143120416098913,21.399206161498995
1999,680,Stationary firemen (680),26,4,56413.80032348635,7040.119995117179,19.643657025178523,12.477790053689944
1999,83,Statisticians and actuaries (83),7,11,15117.240112304691,21278.42016601564,56.15580492812305,37.56292372298664
1999,350,"Stenographers, typists, and secretaries (350)",16,1131,29921.02984619141,2320749.8121185303,19.73323836116334,15.545232977380882
1999,480,Stock and bond salesmen (480),72,39,162638.88975524902,86289.15005493166,41.88082722587665,23.680295962308907
1999,92,Surveyors (92),25,3,46319.24029541017,4728.3600769043,21.85751569475069,20.691384671140245
1999,590,Tailors and tailoresses (590),6,3,14131.8000793457,10320.44995117188,8.363238843482645,6.220143630104301
1999,682,Taxicab drivers and chauffeurs (682),40,8,85032.79040527344,13267.320220947262,11.883801533692289,10.144891170183971
1999,93,Teachers (n.e.c.) (93),427,1354,873818.3898162842,2835552.8143081665,25.809259050373708,21.33979666118197
1999,96,Technicians (n.e.c.) (96),11,15,19716.86993408203,30754.889984130852,26.159817033570665,16.891580250887642
1999,94,"Technicians, medical and dental (94)",96,306,203820.57000732422,615278.0606002808,22.619109262768728,17.901250506806687
1999,95,"Technicians, testing (95)",224,89,488268.1213531495,195448.35974121094,23.16340447038255,16.99810395337685
1999,370,Telephone operators (370),7,40,16070.880249023421,71872.43988037112,21.56210454720065,13.233387660840243
1999,97,Therapists and healers (n.e.c.) (97),47,148,100214.80035400392,297289.49099731445,28.669666946280305,24.730819009472917
1999,380,"Ticket, station, and express agents (380)",26,69,55102.50000000001,127859.87991333006,18.107441156640448,17.55956792445308
1999,591,"Tinsmiths, coppersmiths, and sheet metal workers (591)",47,3,95609.59030151372,10138.830078125,24.965018128267804,13.363331720677175
1999,683,Truck and tractor drivers (683),791,35,1645218.3229675293,74913.8095703125,17.482162380371857,14.111747289013003
1999,593,Upholsterers (593),11,6,24263.470214843735,13268.18017578125,14.350434662111438,9.52659848213628
1999,98,Veterinarians (98),2,3,6259.3898925781305,7637.7001953125,15.70088243175288,27.85796758705006
1999,784,Waiters and waitresses (784),70,232,152695.3694763184,452884.7597503662,13.698433527687227,12.127421701981097
1999,785,Watchmen (crossing) and bridge tenders (785),4,10,6283.660095214848,24133.540405273438,15.480785099229506,9.520030486975058
1999,684,"Weavers, textile (684)",2,4,4232.6301269531305,11669.2099609375,14.526697530228882,14.069371688489433
1999,685,Welders and flame-cutters (685),158,11,303103.96936035156,24206.55963134765,18.981012413960766,15.285195003551626
2007,0,Accountants and auditors (0),267,549,429793.41011810297,809161.9006347656,34.31008115999892,25.969401378887046
2007,400,Advertising agents and salesmen (400),38,63,64361.58024597168,92389.85021209721,27.297738315410463,31.094249648156058
2007,300,Agents (n.e.c.) (300),4,5,3091.020050048833,11079.55981445312,16.99323856300691,20.668994359332263
2007,61,Agricultural scientists (61),9,4,7627.470016479486,4146.060058593743,20.586788054806682,23.73201628692053
2007,2,Airplane pilots and navigators (2),50,1,75379.45024108887,1723.14001464844,52.79452092758655,12.3820924758911
2007,3,Architects (3),61,15,96587.73027038574,18017.70991516112,30.698785765229022,31.545776173232937
2007,4,Artists and art teachers (4),18,16,36981.02003479004,26601.360031127922,40.70954316998961,21.92653763637431
2007,620,Asbestos and insulation workers (620),22,2,34048.69998168946,2597.0799560546902,19.604936490347658,14.151431153530398
2007,5,Athletes (5),41,21,63761.820678710974,34203.21978759766,36.611012741716316,26.222063178285243
2007,301,"Attendants and assistants, library (301)",8,41,12655.929748535169,63162.90979003905,17.39416903767616,12.727001906809754
2007,621,"Attendants, auto service and parking (621)",38,7,65761.44961547852,10617.160095214831,11.76311430023564,10.164545733313883
2007,730,"Attendants, hospital and other institution (730)",71,732,124996.70024108885,1037806.0208969116,14.3167786902592,12.653375511708143
2007,302,"Attendants, physician's and dentist's office (302)",20,153,28425.329711914055,219155.8491973877,33.35533940152886,19.48133914844356
2007,731,"Attendants, professional and personal service (n.e.c.) (731)",41,340,54573.33004760744,490629.6199798584,21.801239790224606,12.665890657206036
2007,732,"Attendants, recreation and amusement (732)",9,10,15142.94985961913,15883.020080566394,15.295071365288113,10.487824981351626
2007,6,Authors (6),18,28,24628.510147094727,38988.65008544921,24.29937136610823,20.134912971426704
2007,500,Bakers (500),31,28,48633.319869995095,37661.05038452148,15.538003805743395,9.487680241410501
2007,305,Bank tellers (305),17,152,30293.019866943367,205412.95013427734,16.706590867682607,13.748193815962345
2007,740,"Barbers, beauticians, and manicurists (740)",25,174,46446.390075683594,258156.8309326172,12.763021252850214,14.409901742277075
2007,750,Bartenders (750),44,78,70739.09985351565,104827.70965576176,18.5847651162821,12.711122790195036
2007,62,Biological scientists (62),68,53,127449.19976806639,70698.28030395508,30.76476767575776,26.126407989204925
2007,622,Blasters and powdermen (622),2,1,305.449996948242,1266.58996582031,23.320477673211,30.955228805542003
2007,502,Bookbinders (502),11,11,12272.899948120117,12539.830139160153,18.36378394847596,13.060466433220675
2007,310,Bookkeepers (310),49,524,68417.25968933108,747976.5204620362,21.864143445022602,18.054201104668742
2007,625,Bus drivers (625),106,146,155644.369934082,210027.14895629883,15.76867771281346,14.956532964929435
2007,200,"Buyers and department heads, store (200)",328,221,490405.4306335449,339308.17111206055,42.21972003508231,30.075175383168535
2007,505,Cabinetmakers (505),26,1,39401.33010864257,270.429992675781,19.183214490692553,11.3502511978149
2007,510,Carpenters (510),531,7,781943.0389099121,8671.959991455082,17.57648675147167,12.572536280177047
2007,320,Cashiers (320),111,567,182277.6399230957,785289.9288330078,16.606716308559253,11.491258967572902
2007,511,Cement and concrete finishers (511),42,2,55750.749877929666,2305.619995117182,14.959789882545497,13.164537435230908
2007,7,Chemists (7),29,21,45694.1199035645,31364.38975524903,34.65343077182844,34.2164688991644
2007,8,Chiropractors (8),3,3,3806.849914550786,1973.720031738276,66.2379524510293,31.899848684257407
2007,9,Clergymen (9),171,39,244025.78009033203,53628.189865112305,17.638718294412993,17.527457532021828
2007,390,Clerical and kindred workers (n.e.c.) (390),1142,3847,1735978.6510009766,5516168.863800049,20.912118385075306,17.38200411579541
2007,321,"Collectors, bill and account (321)",33,59,56342.75964355467,65645.85964965823,19.156506855887844,16.072293959222524
2007,512,Compositors and typesetters (512),13,3,21744.050079345714,3697.870056152346,24.56575179510554,13.065068428425189
2007,203,"Conductors, railroad (203)",24,3,30959.569976806633,3021.880035400391,24.724428410211658,27.406057371482817
2007,754,"Cooks, except private household (754)",538,473,818145.3586273193,639845.9494400024,12.885477032178787,10.469433709738265
2007,760,Counter and fountain workers (760),9,26,20125.06985473633,38839.309951782256,10.35367590388234,9.728118939488951
2007,594,Craftsmen and kindred workers (n.e.c.) (594),276,10,372157.0993041992,9095.57995605468,21.25252201638344,16.138255462645294
2007,420,Demonstrators (420),4,12,6931.43994140625,23181.899719238296,17.909076610219046,17.02034334249472
2007,32,Dentists (32),8,10,14239.88970947266,24649.079711914055,64.73263630910034,44.69978488447347
2007,33,Designers (33),142,125,236765.99020385742,181900.94944763187,28.72241400919642,20.592653477570824
2007,34,Dietitians and nutritionists (34),3,44,8868.000152587896,60579.32971191406,21.00136081177545,24.077398106392273
2007,322,"Dispatchers and starters, vehicle (322)",60,73,89796.30053710936,97430.20999145509,21.46663768133682,16.194656534842522
2007,35,Draftsmen (35),62,17,82137.42980957033,22509.979873657237,25.04556465486693,15.528509045979742
2007,81,Economists (81),13,6,9711.909980773931,3870.0800476074205,62.036335451429345,46.22720126987566
2007,36,Editors and reporters (36),75,89,108599.73959350583,125513.93971252441,30.694556857568728,23.55932702734837
2007,515,Electricians (515),361,7,527894.7200775146,9834.859985351573,24.761227128647114,27.953898123344445
2007,49,Engineers (n.e.c.) (49),192,24,276357.8799285889,35025.25006103514,41.03939856041245,35.85074676800193
2007,41,"Engineers, aeronautical (41)",56,5,89131.81959533691,9392.539978027351,40.67323687882311,43.73321836608971
2007,42,"Engineers, chemical (42)",32,7,50337.70022583011,8270.510025024412,40.06626585164389,42.861087897352185
2007,43,"Engineers, civil (43)",154,22,241724.469909668,40345.920272827156,41.52632906504016,31.890685296841767
2007,44,"Engineers, electrical (44)",163,8,248067.99977111816,14971.459991455067,38.37181759689842,32.164237350962054
2007,45,"Engineers, industrial (45)",59,21,87107.32971191406,24779.64971923829,35.696211525303745,33.55810516453562
2007,46,"Engineers, mechanical (46)",123,13,191438.1609954834,24894.46040344239,36.65146837148392,44.96173355162361
2007,47,"Engineers, metallurgical, and metallurgists (47)",14,1,26483.129882812515,942.510009765625,29.163906629492946,40.1271476745605
2007,521,"Engravers, except photoengravers (521)",1,2,397.720001220703,2537.529968261721,27.1472454071045,12.70143164502477
2007,635,"Filers, grinders, and polishers, metal (635)",17,4,24303.5101776123,6996.2199707031195,29.37473026765023,13.75898125535824
2007,762,"Firemen, fire protection (762)",162,8,211654.43969726565,10469.309936523441,26.19464676230598,27.74005247239254
2007,523,Foremen (n.e.c.) (523),932,126,1331952.098335266,192422.84024047852,25.796586942638655,18.348946727000463
2007,53,Foresters and conservationists (53),7,1,13597.039993286115,1041.63000488281,27.628975916982803,18.3151779174805
2007,54,Funeral directors and embalmers (54),5,6,6118.5999755859375,5108.849945068359,45.02637228536817,26.3662762430029
2007,641,"Furnacemen, smeltermen, and pourers (641)",13,2,19319.719985961925,3473.6700439453098,20.192548786884647,13.57498533781156
2007,930,"Gardeners, except farm, and groundskeepers (930)",347,18,532373.6096954346,31560.45001220703,14.278628569005498,14.736751899277799
2007,763,"Guards, watchmen, and doorkeepers (763)",254,80,404960.3800659179,112561.6799163818,19.010739129714068,16.111254870529798
2007,764,"Housekeepers and stewards, except private household (764)",60,52,90840.77040100096,53629.99992370605,18.94235625016752,14.727821041235506
2007,430,Hucksters and peddlers (430),17,28,22068.839645385746,39878.0202178955,24.007048364573244,14.065523899732788
2007,533,Inspectors (n.e.c.) (533),52,7,75111.04052734372,5139.299957275388,26.614649869738887,18.978722282911363
2007,210,"Inspectors, public administration (210)",42,44,60521.12026977538,52142.86973571774,23.989845950775827,27.106480594225022
2007,450,Insurance agents and brokers (450),146,246,225631.47088623047,345898.9399108887,29.308190851189885,24.537363017415437
2007,770,Janitors and sextons (770),521,329,738640.909614563,404685.37953186035,13.603389377964719,11.51218260236008
2007,534,"Jewelers, watchmakers, goldsmiths, and silversmiths (534)",6,8,10008.439880371088,5915.359878540037,13.62432774084654,11.815491783874696
2007,970,Laborers (n.e.c.) (970),1155,167,1764414.1291122437,245959.11045074463,15.216469643699249,13.82860231316736
2007,643,Laundry and dry cleaning operatives (643),41,83,58416.61973571776,110194.35983276367,15.303990300832046,9.222614191468846
2007,55,Lawyers and judges (55),205,110,276826.2596588135,171990.1587982178,57.84182962390034,55.39232300071559
2007,56,Librarians (56),25,104,33878.37001037597,157199.12043762207,21.27303703935677,19.509295907732266
2007,540,"Linemen and servicemen, telegraph, telephone, and power (540)",156,8,205120.68963623047,14024.669937133789,26.082912922875764,26.623560330285265
2007,541,Locomotive engineers (541),32,3,38139.08963012695,1762.550064086914,28.29073993703705,30.881320787470575
2007,544,Machinists (544),172,9,257981.3196563721,11189.500030517582,20.131945509907567,12.682535476432239
2007,335,Mail carriers (335),111,64,168884.9602508545,106083.42959594728,26.168924890319047,22.33142082947638
2007,230,"Managers and superintendents, building (230)",47,105,62789.99055480958,162597.3601074219,33.14163734719738,20.916233044178068
2007,290,"Managers, officials, and proprietors (n.e.c.) (290)",3692,2447,5344861.9688568115,3527546.9598083496,35.52132745013201,27.527215765644033
2007,644,"Meat cutters, except slaughter and packing house (644)",101,38,125122.25984191902,43131.90986633301,16.591134210334715,11.518526168646563
2007,554,"Mechanics and repairmen, (n.e.c.) (554)",792,28,1163016.2195281982,35628.13006591796,21.715462189920622,19.364213350946013
2007,550,"Mechanics and repairmen, automobile (550)",514,5,756071.6296234131,7013.060089111323,18.712496748983913,19.590161364916757
2007,551,"Mechanics and repairmen, office machine (551)",107,23,158748.4811553955,38659.81985473634,21.21588802637885,19.981311855835088
2007,552,"Mechanics and repairmen, radio and television (552)",71,12,98622.5791397095,16023.989929199235,25.98235307567385,22.58886995560861
2007,553,"Mechanics and repairmen, railroad and car shop (553)",115,1,124834.29053497316,1567.43005371094,25.295064167566036,31.9870700836182
2007,340,Messengers and office boys (340),85,20,126320.07066345209,28612.479934692372,18.071966487680893,16.86489342665429
2007,560,Millwrights (560),34,1,59925.30981445313,1051.78002929688,24.880549646881217,30.955228805542
2007,650,Mine operatives and laborers (650),55,2,60099.97978210445,439.099990844727,24.298594085813164,33.60528636536204
2007,69,Miscellaneous natural scientists (69),90,27,120262.81007385251,36382.519775390625,44.06459086190411,30.7056681590508
2007,84,Miscellaneous social scientists (84),11,14,9131.13998413086,20081.77984619141,39.30928133566427,30.47432035820203
2007,562,Motion picture projectionists (562),1,1,2912.75,334.049987792969,12.3820924758911,7.50429821014404
2007,661,"Motormen, street, subway, and elevated railway (661)",8,1,11111.440002441415,1668.01000976562,20.587784350615177,15.477614402771
2007,57,Musicians and music teachers (57),12,18,23549.22982788088,27008.309875488274,26.49127545889204,24.17294895032757
2007,58,"Nurses, professional (58)",118,1273,162499.4498291016,1782996.609802246,30.44601592632628,30.148531603182285
2007,341,Office machine operators (341),83,429,131035.5600738525,582783.6390075684,22.041261420744444,15.978481015542373
2007,240,"Officers, pilots, pursers, and engineers, ship (240)",18,1,26010.47972106934,275.670013427734,28.71834021332339,37.1462745666504
2007,250,"Officials and administrators (n.e.c.), public administration (250)",12,27,19660.859863281257,43184.22027587893,32.33672328764225,23.496413219873915
2007,662,"Oilers and greasers, except auto (662)",21,1,31753.120208740194,1236.76000976562,21.054414519698412,25.022144317627
2007,690,Operatives and kindred workers (n.e.c.) (690),2027,1094,2956709.271217346,1550312.7808990479,17.827112023567814,13.160501708930243
2007,70,Optometrists (70),1,4,1708.93005371094,7551.549865722658,56.7512550354004,25.25026249576605
2007,564,"Painters, construction and maintenance (564)",166,7,268893.8900756836,6385.079986572262,14.951839109886658,8.43211801560221
2007,670,"Painters, except construction and maintenance (670)",63,8,89782.4002227783,14009.290161132809,15.491434956934773,10.447928182813218
2007,72,Personnel and labor relations workers (72),116,289,167885.46089172363,414767.76008605957,31.915480412871315,25.1406192182515
2007,73,Pharmacists (73),44,62,62646.1499328613,84052.2795562744,56.030471677449036,46.04530918470762
2007,74,Photographers (74),14,10,28682.94940185547,20449.539749145497,19.54923586182056,12.044423888638278
2007,671,Photographic process workers (671),5,11,9498.199859619135,18218.24006652832,14.985045811821072,12.439072607804745
2007,75,Physicians and surgeons (75),185,95,265699.97019958496,134227.02996826172,66.81612657468469,51.42146116794371
2007,68,Physicists (68),8,1,11548.009979248047,1620.97998046875,49.46954916051976,30.1297569274902
2007,574,Plumbers and pipe fitters (574),249,3,347472.35037231445,4224.8200073242215,22.86764942330697,17.302580556660196
2007,773,Policemen and detectives (773),413,92,591061.1299209595,139223.96936035153,30.539728719336043,26.76901962415906
2007,780,Porters (780),16,1,27499.449829101555,1433.68994140625,18.554075995392353,26.5699043273926
2007,672,Power station operators (672),25,2,32695.00996398925,1691.050003051755,32.88870579639206,42.86352895899382
2007,781,Practical nurses (781),19,264,23432.48014831541,349608.24041748047,21.798508769110157,18.36747281963178
2007,720,Private household workers (n.e.c.) (720),53,529,67599.62986755371,680218.1195831299,11.153168874986116,10.065870694195512
2007,99,"Professional, technical, and kindred workers (n.e.c.) (99)",1709,1658,2611252.958656311,2316490.698524475,34.736440007674126,24.573499663468496
2007,29,"Professors and instructors, subject not specified (29)",314,280,446620.73037719727,388954.910736084,30.847934560984655,23.778047049406343
2007,82,Psychologists (82),24,40,34999.02993774414,53648.0694580078,39.78742787414015,33.41300525010773
2007,280,Purchasing agents and buyers (n.e.c.) (280),90,102,124708.58995056155,149842.14025878906,32.389543688576644,24.125532161516762
2007,76,Radio operators (76),33,6,50426.65975952147,11146.53997802734,32.57564271796683,34.68309480588358
2007,470,Real estate agents and brokers (470),128,163,208385.95065307617,252453.35984802243,34.26973113230813,27.107087202394126
2007,77,Recreation and group workers (77),28,68,45796.74951171874,96326.71008300781,19.30385441649879,17.620659029851577
2007,78,Religious workers (78),22,38,30886.470397949215,55630.89997863774,15.911192782257858,15.38618254345282
2007,580,"Rollers and roll hands, metal (580)",1,3,1527.94995117188,4969.260070800785,25.7960243225098,15.080512764388464
2007,490,Salesmen and sales clerks (n.e.c.) (490),1169,837,1803978.101699829,1252022.138267517,27.59334705764782,18.7194884721828
2007,674,Sawyers (674),26,2,44101.14038085935,2755.5400390625,13.738491839650294,9.902860294051207
2007,790,"Service workers, except private household (n.e.c.) (790)",382,825,513028.1387939453,1104599.2213134766,16.4473092529046,12.230047801837877
2007,782,Sheriffs and bailiffs (782),165,60,245131.61051940915,102927.13055419925,21.715873052604795,18.614087421730286
2007,342,Shipping and receiving clerks (342),144,89,207906.79906463623,139555.8497619629,17.78371718363134,14.355112436172615
2007,79,"Social and welfare workers, except group (79)",126,438,176511.4001159668,600256.6700439453,21.31304526659697,21.776064060678348
2007,583,Stationary engineers (583),84,3,113026.5501098633,3922.0999145507812,23.561106156605693,33.349682824710776
2007,680,Stationary firemen (680),2,3,2016.230041503906,4704.890014648432,22.77516147530235,20.345155221637203
2007,83,Statisticians and actuaries (83),16,16,27028.169906616193,21884.749908447255,52.09558983872529,41.02357897161673
2007,350,"Stenographers, typists, and secretaries (350)",49,1539,85836.03984069823,2199004.820777893,18.8848196788792,17.178358446077883
2007,480,Stock and bond salesmen (480),76,53,116916.65988159175,90534.86000061035,45.88786997759332,32.13955988383311
2007,585,Structural metal workers (585),53,1,79936.62019348145,1953.48999023438,21.25109891699526,30.955228805542
2007,92,Surveyors (92),34,4,50815.53004455567,8554.00012207032,20.892194356326893,21.27939002708415
2007,590,Tailors and tailoresses (590),1,16,1497.7099609375,22194.529907226573,26.6627712249756,10.194416123454173
2007,682,Taxicab drivers and chauffeurs (682),79,24,133564.54965209958,29403.5001373291,12.638287550640293,12.11888080801212
2007,93,Teachers (n.e.c.) (93),856,2482,1234334.240737915,3459836.5075531006,26.29779179083954,22.244297095333494
2007,96,Technicians (n.e.c.) (96),4,11,6411.640014648439,18177.48983764649,16.293921794740704,13.344755575925424
2007,94,"Technicians, medical and dental (94)",198,603,287308.769241333,877564.2184143066,22.297716827967708,21.365909639690532
2007,95,"Technicians, testing (95)",214,76,324590.89056396484,109687.9600524902,24.945929931736135,20.823036453052794
2007,370,Telephone operators (370),4,16,3561.249969482422,16296.220138549797,20.571034234102914,13.239012530035303
2007,97,Therapists and healers (n.e.c.) (97),91,325,145521.92051696777,467930.5403289795,27.917160052196632,27.988984457891796
2007,380,"Ticket, station, and express agents (380)",17,36,25137.140106201165,53174.96969604493,19.43744784141652,16.17365124089733
2007,591,"Tinsmiths, coppersmiths, and sheet metal workers (591)",47,1,68670.49052429199,766.239990234375,25.768534170095485,12.3820924758911
2007,592,"Tool makers, and die makers and setters (592)",39,1,70363.11978149414,1346.82995605469,26.813582238039714,11.4649000167847
2007,683,Truck and tractor drivers (683),1326,67,1962968.7510147095,105863.35957336423,18.086914283193348,13.757976674886873
2007,593,Upholsterers (593),10,2,18277.02026367186,1564.190002441407,18.15170081077901,12.637976022635854
2007,783,"Ushers, recreation and amusement (783)",5,3,10301.049865722653,2971.239959716795,14.03993158546307,17.088996758183942
2007,98,Veterinarians (98),10,12,12739.690063476552,19248.759933471687,38.222390781846734,32.24528259679069
2007,784,Waiters and waitresses (784),96,341,162111.94067382812,509734.5587005615,13.90556570773773,11.258837615675368
2007,785,Watchmen (crossing) and bridge tenders (785),4,13,3072.030029296877,18129.250000000004,14.260636785427234,11.83601709861163
2007,684,"Weavers, textile (684)",1,7,1109.97998046875,8035.340057373051,28.8915481567383,11.361089579470072
2007,685,Welders and flame-cutters (685),230,18,295338.51054382324,28464.37002563476,18.2410337891917,11.669246867558405
2009,0,Accountants and auditors (0),284,530,424588.1201324463,803240.4109268188,37.315017860733164,25.08553896257117
2009,400,Advertising agents and salesmen (400),47,38,63389.02030944825,53174.7598114014,28.48857716109602,25.68824407340762
2009,300,Agents (n.e.c.) (300),10,6,17605.620025634777,11307.850021362301,16.834245196603057,19.05474728841348
2009,61,Agricultural scientists (61),12,6,15960.659942626944,6447.580032348625,28.592840305510926,37.63627974695479
2009,2,Airplane pilots and navigators (2),67,1,121343.69902038573,1767.2099609375,53.92513986495543,169.316650390625
2009,3,Architects (3),51,21,65348.54008483888,22566.810081481915,32.03886926525667,33.63892474338336
2009,4,Artists and art teachers (4),28,7,53295.47012329106,7538.100036621091,32.881995699265254,23.773413807477375
2009,5,Athletes (5),45,13,62241.50985717772,15152.190093994148,37.330874512125405,21.187814951129784
2009,301,"Attendants and assistants, library (301)",5,35,9235.32006835939,60208.080444335974,13.23119189717776,11.7317071224326
2009,621,"Attendants, auto service and parking (621)",52,9,79543.1393890381,13668.22003173828,11.597916915068968,10.831188166308081
2009,730,"Attendants, hospital and other institution (730)",82,743,111219.04951477051,1032451.3388671875,14.936646340283676,13.041045884681514
2009,302,"Attendants, physician's and dentist's office (302)",30,149,42528.39018249513,195771.90003967285,49.69141234922776,18.103292738779807
2009,731,"Attendants, professional and personal service (n.e.c.) (731)",36,299,53669.55978393553,445382.82017517084,21.60524843818665,13.450604437863419
2009,732,"Attendants, recreation and amusement (732)",19,15,23101.070281982433,21118.18003845214,15.831950339107227,13.657005161209154
2009,6,Authors (6),19,29,27259.58985900879,33558.5802154541,35.12975341869701,24.144945248175308
2009,500,Bakers (500),36,43,54851.36976623534,58433.91007232667,11.359479737050851,11.297024816653439
2009,305,Bank tellers (305),12,133,23185.67999267577,178231.9599609375,18.221536228896472,15.179731477625829
2009,740,"Barbers, beauticians, and manicurists (740)",26,162,47821.08058166505,239590.85971069336,24.62576016426844,12.657954287332803
2009,750,Bartenders (750),52,93,88087.99012756346,133624.1803741455,13.374297923065487,13.412039104989203
2009,62,Biological scientists (62),61,70,85173.32031249996,101518.55999755856,35.29260288699755,28.23179793686428
2009,503,Boilermakers (503),10,1,19015.900146484368,1777.01000976562,32.58955753981007,19.048122406005895
2009,502,Bookbinders (502),10,9,14553.979980468752,9303.100097656255,20.556969610089045,11.778827954253652
2009,310,Bookkeepers (310),28,540,47865.68988037106,770682.739654541,19.62624736744385,18.807874685205782
2009,625,Bus drivers (625),153,161,224334.09004211426,246836.57969665524,18.028832362038536,16.505413239985728
2009,200,"Buyers and department heads, store (200)",326,255,485370.70983886713,389988.4808807373,37.8389603284303,30.78286024070123
2009,201,"Buyers and shippers, farm products (201)",2,1,4056.0400390625,1577.06005859375,52.4024376876578,56.4388847351074
2009,505,Cabinetmakers (505),23,1,32891.42994689941,238.270004272461,15.459242310400542,6.34937429428101
2009,510,Carpenters (510),343,8,483202.53971862793,10617.099838256836,17.94094412892786,14.371464452189544
2009,320,Cashiers (320),150,602,245659.68069458008,846516.0686721802,14.010568047337184,10.252850547990384
2009,7,Chemists (7),42,15,70241.60958862306,23223.950027465817,37.986788162916795,27.64838198386232
2009,8,Chiropractors (8),8,4,11963.079803466797,6957.320007324213,38.124727604147054,31.199586736956547
2009,9,Clergymen (9),157,34,226792.15042114258,51862.6100921631,20.58276973052474,17.46083021266032
2009,390,Clerical and kindred workers (n.e.c.) (390),1141,3646,1791009.9883041382,5209953.875984192,20.478504941405046,17.437688877505884
2009,321,"Collectors, bill and account (321)",26,68,40909.6399230957,93151.86990356445,21.125565712591346,16.385993961513254
2009,512,Compositors and typesetters (512),15,6,17020.769912719734,6623.689941406254,19.5573263916252,12.79798610871786
2009,203,"Conductors, railroad (203)",29,1,32318.920227050785,1466.51000976562,26.641647858055777,18.4805088043213
2009,754,"Cooks, except private household (754)",494,543,731851.3697280884,745229.9098815917,12.579685754685398,10.44406978008727
2009,760,Counter and fountain workers (760),5,24,11078.379760742182,42510.51992797849,7.813967245227433,9.232885746907371
2009,594,Craftsmen and kindred workers (n.e.c.) (594),262,5,353128.290008545,5427.939910888666,19.59213517255782,9.249528349420078
2009,31,Dancers and dancing teachers (31),1,5,4282.77001953125,4871.200012207027,21.3680858612061,16.510873610891483
2009,420,Demonstrators (420),6,17,9285.68003845214,27277.800216674797,27.180230746989874,17.55387532844029
2009,32,Dentists (32),8,11,13187.50982666016,15360.559814453129,110.75353191693597,49.811525267464575
2009,33,Designers (33),115,121,172359.78927612305,194599.0799865723,27.41018615213296,23.95532258239287
2009,34,Dietitians and nutritionists (34),6,39,9508.039901733395,65854.75985717772,33.65675817894772,19.445070089420323
2009,322,"Dispatchers and starters, vehicle (322)",54,78,81340.63981628418,109560.79026794435,21.42430140341259,16.29355833155361
2009,35,Draftsmen (35),61,22,85991.48962402344,29866.210281372078,24.5793772786347,18.983339977863555
2009,81,Economists (81),10,7,11149.790008544933,3282.029983520512,49.068657492312624,53.87586197005923
2009,36,Editors and reporters (36),68,81,84947.07983398433,123990.16021728514,34.19330906039685,24.60681543971476
2009,515,Electricians (515),301,5,455822.7598266601,7000.180206298826,25.2731341654674,19.310725856995205
2009,49,Engineers (n.e.c.) (49),220,29,297395.4594268799,40631.49996948244,39.580983321335395,35.987303993522566
2009,41,"Engineers, aeronautical (41)",44,4,69449.56021118166,12097.76013183594,42.703696823809906,19.10021055377869
2009,42,"Engineers, chemical (42)",33,3,49076.80996704104,3742.359985351568,40.834354970779,28.050620611105554
2009,43,"Engineers, civil (43)",142,20,199567.15057373044,30318.52983093264,37.69953080746377,25.824183939417463
2009,44,"Engineers, electrical (44)",121,12,182229.22926330566,17385.97979736328,41.59369017273982,35.033307040180695
2009,45,"Engineers, industrial (45)",77,19,117952.12974548341,31096.63024902346,30.37995351621918,26.198837755053713
2009,46,"Engineers, mechanical (46)",130,12,204666.0909423828,12032.179840087889,36.62849094861947,31.43979138529969
2009,47,"Engineers, metallurgical, and metallurgists (47)",15,1,21079.950103759744,1688.82995605469,33.945307344539636,21.3125858306885
2009,48,"Engineers, mining (48)",13,3,9972.899932861346,4293.859924316406,42.626014137260725,47.87915119936312
2009,521,"Engravers, except photoengravers (521)",1,4,678.47998046875,6669.77990722656,6.83778762817383,16.477277654949468
2009,51,Entertainers (n.e.c.) (51),3,1,5387.43005371093,1616.7099609375,28.96505527515908,9.11705017089844
2009,522,"Excavating, grading, and road machinery operators (522)",20,1,32756.050079345696,1622.32995605469,16.885019074577947,15.848038673400898
2009,635,"Filers, grinders, and polishers, metal (635)",17,4,24373.13960266114,5076.29003906249,14.511985371026382,22.719759729931965
2009,762,"Firemen, fire protection (762)",149,9,206591.26010131836,12897.140075683596,25.76927330673852,23.86600319291917
2009,523,Foremen (n.e.c.) (523),857,113,1252545.4109191895,172194.1403656006,25.832665983102324,19.72039064084471
2009,53,Foresters and conservationists (53),6,6,6332.829895019524,11450.18994140623,24.309263766995265,28.91809297290691
2009,54,Funeral directors and embalmers (54),7,1,10520.400207519533,1330.06005859375,30.67623462046938,15.6292285919189
2009,641,"Furnacemen, smeltermen, and pourers (641)",7,1,13541.339904785149,2340.25,25.074876044388215,8.30302810668945
2009,930,"Gardeners, except farm, and groundskeepers (930)",261,16,409607.7586975098,21960.909912109368,13.871442412804697,8.69201280800156
2009,763,"Guards, watchmen, and doorkeepers (763)",276,108,424648.45968627936,159999.6296234131,17.129666401949468,15.341492029071347
2009,764,"Housekeepers and stewards, except private household (764)",64,42,85012.87037658688,55363.58018493653,20.938090976789983,12.920335695299535
2009,430,Hucksters and peddlers (430),20,24,24338.57994079589,30711.54994201659,13.078620914378217,11.118810123652574
2009,533,Inspectors (n.e.c.) (533),61,2,95321.33039855957,4556.3801269531305,24.126512992200205,25.929645467363557
2009,210,"Inspectors, public administration (210)",40,52,57154.360275268555,70786.18064880368,35.06157635809575,25.96580758638788
2009,450,Insurance agents and brokers (450),146,255,208831.34016418457,359578.3402633667,31.01863571456165,23.368900798866957
2009,770,Janitors and sextons (770),550,329,854378.361289978,427171.7298049927,13.974738910207344,11.500986360340683
2009,534,"Jewelers, watchmakers, goldsmiths, and silversmiths (534)",6,5,6196.559997558589,6534.250061035162,15.915598137826848,15.249009204407102
2009,970,Laborers (n.e.c.) (970),1040,167,1591724.1616897583,231937.168624878,14.992459112433284,11.82316078111656
2009,643,Laundry and dry cleaning operatives (643),32,84,43346.21983337403,101225.3601913452,12.365651719559764,10.743991218953495
2009,55,Lawyers and judges (55),239,152,326673.71099853516,222390.53929138184,61.319623184977154,45.92439996972219
2009,56,Librarians (56),28,85,29239.13021850585,108559.17988586427,24.31834303054436,24.404177051367014
2009,540,"Linemen and servicemen, telegraph, telephone, and power (540)",164,4,234759.91085815433,5771.4899902343805,27.150142931882247,16.736556824922047
2009,541,Locomotive engineers (541),40,1,51775.85025024412,1408.94995117188,29.05544438567846,26.2855224609375
2009,544,Machinists (544),168,9,250019.4796142578,14258.629791259766,21.038078552168543,15.887567341782757
2009,335,Mail carriers (335),119,60,147837.07998657227,78576.84001159667,23.906193643328734,23.12019977123187
2009,230,"Managers and superintendents, building (230)",53,89,84944.83015441893,130645.19004821777,33.304238465748625,19.915679837089083
2009,290,"Managers, officials, and proprietors (n.e.c.) (290)",3783,2626,5472320.635185242,3726164.082862854,35.29731735154061,26.403180863554933
2009,644,"Meat cutters, except slaughter and packing house (644)",112,46,151301.94032287598,52249.84034729,16.08823111405995,12.538401888823595
2009,554,"Mechanics and repairmen, (n.e.c.) (554)",818,25,1194744.3071136475,37139.73991394041,20.60608513786114,19.7398812446965
2009,545,"Mechanics and repairmen, airplane (545)",67,3,103105.53013610841,4032.4699096679688,25.784496613789223,14.561303638228438
2009,550,"Mechanics and repairmen, automobile (550)",486,4,697096.0104446411,8246.789794921879,19.51930804357953,17.533144384539916
2009,551,"Mechanics and repairmen, office machine (551)",116,25,192318.18928527832,33568.810226440415,24.72201696708925,21.249400480673238
2009,552,"Mechanics and repairmen, radio and television (552)",79,8,127516.94970703125,8932.580184936525,24.953020508258867,15.342715095352638
2009,553,"Mechanics and repairmen, railroad and car shop (553)",119,1,155073.82941436768,1229.11999511719,22.1373773627866,9.98121643066406
2009,340,Messengers and office boys (340),63,14,92074.82023620607,21875.119812011737,18.135171603403673,13.184060219553656
2009,69,Miscellaneous natural scientists (69),79,40,108800.08000183104,62570.07975769045,39.13019502522875,35.4017616776408
2009,84,Miscellaneous social scientists (84),13,6,9503.430114746097,7377.879913330073,23.034189320055855,21.835555711206293
2009,57,Musicians and music teachers (57),9,5,15558.21990966797,7359.330078124989,15.680483788541911,27.19978144743971
2009,58,"Nurses, professional (58)",118,1345,163255.32037353516,1937456.382675171,34.848360390108695,31.190248822726684
2009,341,Office machine operators (341),78,360,129925.41009521481,526022.4605407716,22.083842680067665,15.199708415103148
2009,250,"Officials and administrators (n.e.c.), public administration (250)",5,29,10097.22021484375,48023.20034790039,21.06427760204772,25.354104755219257
2009,690,Operatives and kindred workers (n.e.c.) (690),1833,870,2764180.4465789795,1178206.0695495605,18.029438441250548,13.97680344574712
2009,70,Optometrists (70),4,5,4581.379974365229,2424.520019531248,46.6963484644216,37.90982974026397
2009,564,"Painters, construction and maintenance (564)",115,6,183754.37960815427,8991.970031738289,16.89160085337651,19.0341511840192
2009,670,"Painters, except construction and maintenance (670)",61,10,91662.95941162114,15592.980041503894,17.199583838471764,12.518623359256397
2009,72,Personnel and labor relations workers (72),87,303,119186.64992523193,425755.7713088989,31.2384493018713,25.44824133764129
2009,73,Pharmacists (73),53,63,84514.33996582031,87211.85018920898,49.81552949802503,40.194707119701796
2009,74,Photographers (74),13,13,24715.789581298817,18806.159973144524,24.55563581712711,10.106284653221762
2009,671,Photographic process workers (671),6,13,5114.240051269529,19267.64015197756,13.230257499147129,12.189438297031854
2009,75,Physicians and surgeons (75),178,114,252127.27925872803,151356.7303161621,64.27496269291164,50.08150299414666
2009,574,Plumbers and pipe fitters (574),205,1,300235.64975738525,1902.75,24.69528288725919,14.6524019241333
2009,773,Policemen and detectives (773),386,96,566955.7493057251,145699.8797149658,29.787707453992663,26.33523867039924
2009,780,Porters (780),22,6,36099.03999328614,9324.41996765136,19.18590698042299,13.577957261711934
2009,672,Power station operators (672),16,3,17956.550086975116,5152.949981689453,33.23582905757953,23.1774669244766
2009,781,Practical nurses (781),33,258,44517.90957641603,390184.17030334467,20.305862688650944,20.474285204630036
2009,720,Private household workers (n.e.c.) (720),46,548,49960.46966552733,744766.5884094238,11.53018010031147,10.909016586983515
2009,99,"Professional, technical, and kindred workers (n.e.c.) (99)",1827,1848,2712907.2587280273,2517489.179916382,35.58454767175945,23.567674123405087
2009,29,"Professors and instructors, subject not specified (29)",307,303,436615.899810791,402127.5399017334,32.58131158976823,26.749721681308134
2009,82,Psychologists (82),13,35,15856.589904785165,56389.279876709006,29.26325626031393,29.977313345789653
2009,280,Purchasing agents and buyers (n.e.c.) (280),118,118,177600.8999633789,173950.92013549805,35.65090674102241,23.87148431649352
2009,76,Radio operators (76),36,7,59911.479751586936,10355.059921264643,31.934316974939954,18.877804108193068
2009,470,Real estate agents and brokers (470),100,123,155591.6303863525,179554.4507141114,27.629658926989652,22.518819690037105
2009,77,Recreation and group workers (77),24,77,35659.7204437256,99531.75941467285,14.507938184728143,15.031569151875857
2009,78,Religious workers (78),17,28,31110.28997802733,42447.67013549804,19.06132964165824,15.67355335532174
2009,580,"Rollers and roll hands, metal (580)",3,1,7049.5598144531305,744.570007324219,35.59243719517349,12.2103357315063
2009,673,Sailors and deck hands (673),9,1,12791.38996887207,240.229995727539,24.53933260948594,9.76826858520508
2009,490,Salesmen and sales clerks (n.e.c.) (490),1054,792,1629661.619934082,1144780.028327942,28.17196829190084,17.84236510956835
2009,674,Sawyers (674),11,1,14965.900077819822,376.549987792969,14.918954416241023,14.2860927581787
2009,790,"Service workers, except private household (n.e.c.) (790)",372,860,587151.8396987915,1206788.3985290527,15.800472143122532,11.548528867561044
2009,782,Sheriffs and bailiffs (782),157,62,229260.8802185059,100132.07974243167,21.688358991821808,17.427332100345456
2009,342,Shipping and receiving clerks (342),127,69,195401.57096862793,99672.00009155275,14.717135889227334,12.821189567016525
2009,582,"Shoemakers and repairers, except factory (582)",2,1,2539.559906005864,663.059997558594,9.624257705742217,8.79144096374512
2009,79,"Social and welfare workers, except group (79)",112,433,141106.67944335938,590015.8694229126,26.101103399769244,20.208743249215892
2009,583,Stationary engineers (583),68,2,107878.93946838382,2373.320007324221,27.732587376069414,19.864249816308323
2009,83,Statisticians and actuaries (83),20,14,28455.0098876953,12225.149871826163,43.339565117637854,57.27660533368991
2009,350,"Stenographers, typists, and secretaries (350)",45,1475,59883.36950683597,2143055.8065185547,19.331689621053602,17.50782402124478
2009,480,Stock and bond salesmen (480),69,36,116488.5307006836,52617.32026672364,52.390103276467336,29.321795147349523
2009,585,Structural metal workers (585),43,2,65113.43925476074,3812.289978027339,21.23777030464718,17.58998312122604
2009,92,Surveyors (92),42,7,63545.78944396972,11858.579956054678,24.2923598864968,23.557650420082652
2009,590,Tailors and tailoresses (590),7,10,12144.289916992191,15580.760192871097,17.239891029862967,12.0966594643671
2009,682,Taxicab drivers and chauffeurs (682),81,16,124274.75004577638,28743.360168457046,13.789804395089764,14.917146811052236
2009,93,Teachers (n.e.c.) (93),858,2557,1252284.8512878418,3726503.707458496,26.606533834407347,22.85003976340341
2009,96,Technicians (n.e.c.) (96),3,17,3532.8699340820212,26687.349899291967,20.197735411693067,15.279220893356365
2009,94,"Technicians, medical and dental (94)",207,625,320545.9394226074,893305.3404541016,22.206768365213314,20.59945344178483
2009,95,"Technicians, testing (95)",218,81,304122.4599609375,107588.61975097656,26.017193485955865,20.84979420118572
2009,370,Telephone operators (370),3,15,5271.4299316406305,19378.97015380859,16.059581780595494,16.420949964361807
2009,97,Therapists and healers (n.e.c.) (97),87,335,129097.19062042238,458890.0017852783,31.208893882047796,26.788999833077625
2009,380,"Ticket, station, and express agents (380)",16,37,29176.479736328118,51159.230422973655,23.349919816035136,16.104165662592585
2009,683,Truck and tractor drivers (683),1249,74,1857230.6696929932,102388.38957977293,18.703907286964593,15.508475561095416
2009,593,Upholsterers (593),12,2,22016.54992675781,2039.419982910154,12.716130608828147,16.077280788283005
2009,783,"Ushers, recreation and amusement (783)",2,5,3714.52001953125,8518.969985961914,14.6524019241333,12.078683560959036
2009,98,Veterinarians (98),9,19,17281.6501159668,27457.729721069336,41.322882928666516,35.944725083095435
2009,784,Waiters and waitresses (784),112,351,190642.22980499268,504839.8983917236,15.53959320760145,12.107163757510556
2009,785,Watchmen (crossing) and bridge tenders (785),4,14,10460.83041381836,18997.050064086896,23.166822335805186,15.554521515574233
2009,684,"Weavers, textile (684)",1,3,2132.34008789062,3166.490081787104,9.44469451904297,9.37937947058692
2009,685,Welders and flame-cutters (685),238,19,348721.9996643067,21589.099929809563,19.683187107233103,14.255913302137111
2011,0,Accountants and auditors (0),274,523,419734.73966979975,798665.6103973389,33.45644729284209,26.110125078477765
2011,1,Actors and actresses (1),1,2,3028.7099609375,3897.71008300782,9.61538505554199,10.889967676504734
2011,400,Advertising agents and salesmen (400),34,59,49055.71029663088,89040.54025268553,35.01537325782625,24.976965991502112
2011,300,Agents (n.e.c.) (300),2,3,4882.50988769531,2667.169967651368,17.914286002104028,15.843643047264482
2011,61,Agricultural scientists (61),15,4,15272.869857788099,10545.139846801752,23.591876691409226,36.80453588007019
2011,2,Airplane pilots and navigators (2),41,2,70929.60002136232,1047.579986572265,65.92352408727952,43.057524416113324
2011,3,Architects (3),49,11,62141.47978210446,17172.790206909176,34.87127588628339,36.71374257011584
2011,4,Artists and art teachers (4),17,8,25535.190017700206,8992.580001831053,31.172442538839796,22.710762307634017
2011,5,Athletes (5),40,17,75259.65975952146,25528.930221557617,21.3795643806665,25.992901361902895
2011,301,"Attendants and assistants, library (301)",6,35,10386.520019531245,53361.760223388694,14.161067466816693,13.09437466813758
2011,621,"Attendants, auto service and parking (621)",44,8,72591.62026977542,13939.960205078134,12.62012706699941,11.6400946865417
2011,730,"Attendants, hospital and other institution (730)",84,740,123245.7794342041,1053740.4484024048,16.956977248231272,12.250510139094395
2011,302,"Attendants, physician's and dentist's office (302)",26,406,33031.710311889634,593912.0008087158,34.12249710840008,17.017926228625907
2011,731,"Attendants, professional and personal service (n.e.c.) (731)",31,243,52616.18992614746,325887.87951660156,15.01869284075343,10.53885867594921
2011,732,"Attendants, recreation and amusement (732)",18,22,31114.41006469728,33578.71989440918,14.218982791566281,14.600415357361037
2011,6,Authors (6),18,29,24784.46023559571,37633.150161743164,32.15763019291703,26.299721916030844
2011,500,Bakers (500),32,47,54001.43020629881,67737.79013061525,14.61575874140408,11.143829037349866
2011,305,Bank tellers (305),23,157,39884.580307006814,235938.63064575195,20.69363565773295,13.697242531489369
2011,740,"Barbers, beauticians, and manicurists (740)",18,196,29207.160095214833,297385.16015625,11.63100367185999,13.964479341584209
2011,750,Bartenders (750),62,74,105774.45030212402,119438.48008728026,13.209672025871907,13.07119056566147
2011,62,Biological scientists (62),65,57,85200.98988342285,86601.40939331055,31.042195708593383,29.458608234990553
2011,310,Bookkeepers (310),42,438,75343.26934814455,644797.0706100464,19.204252330652494,17.990886003844174
2011,504,"Brickmasons, stonemasons, and tile setters (504)",40,1,57838.40031433104,1466.21997070312,23.193461311925446,25.641025543212905
2011,625,Bus drivers (625),120,126,168981.64971923828,184594.25990295407,16.40093915402238,14.523936590901515
2011,200,"Buyers and department heads, store (200)",296,269,465359.5922546387,422753.020614624,38.02373549100686,29.805213169321288
2011,201,"Buyers and shippers, farm products (201)",2,2,1563.3200378417919,2566.580017089841,24.03409070135056,25.884732937442795
2011,505,Cabinetmakers (505),20,1,29523.56973266601,379.920013427734,17.254735977063568,8.97435855865479
2011,510,Carpenters (510),355,10,510185.1097793579,12198.309906005852,18.218839553678478,18.297204274373392
2011,320,Cashiers (320),147,620,265778.41191101074,927156.9301376343,14.77772525391526,10.666288354857828
2011,7,Chemists (7),19,26,23381.129653930653,40138.56997680662,38.27821458828991,37.61799525567919
2011,9,Clergymen (9),133,30,215514.18907165527,51197.17980957032,19.302878324416387,19.538054940565704
2011,390,Clerical and kindred workers (n.e.c.) (390),1187,3199,1897566.2102890015,4686165.521911621,20.384421067297417,17.455925019639157
2011,321,"Collectors, bill and account (321)",16,53,27759.65039062502,86040.73015594482,18.630269732655826,15.923651294502625
2011,203,"Conductors, railroad (203)",27,2,37309.94998168945,3177.399993896484,22.54139759736736,12.991527278021746
2011,754,"Cooks, except private household (754)",546,486,826303.6191558838,688519.5900192261,13.171262023612327,10.814853786611344
2011,760,Counter and fountain workers (760),8,24,12042.509948730458,34344.16015625,10.364376223835121,9.555575987300742
2011,594,Craftsmen and kindred workers (n.e.c.) (594),233,4,324957.14071655273,5641.7900238037055,22.60802259614238,12.582675267028165
2011,513,"Cranemen, derrickmen, and hoistmen (513)",20,1,30661.17034912108,1969.66003417969,23.42241583396143,15.0
2011,31,Dancers and dancing teachers (31),1,3,2397.34008789062,2191.780029296876,12.5,17.249736506030988
2011,420,Demonstrators (420),5,15,11552.909957885737,27275.53959655762,33.28252675415379,15.11917818260917
2011,32,Dentists (32),10,12,16812.420272827163,18610.429718017574,57.754093518786135,69.42814795255329
2011,33,Designers (33),114,100,181839.58917236328,142989.31965637207,25.227514653794636,19.15465320723974
2011,34,Dietitians and nutritionists (34),4,45,5128.230133056633,68988.92984008788,18.74078888728547,27.063563688493282
2011,322,"Dispatchers and starters, vehicle (322)",45,81,72978.11991882323,104483.37031555176,20.668611269479346,14.165351218307368
2011,35,Draftsmen (35),50,21,75135.9098739624,33206.369934082046,24.598253842854536,18.91712951430538
2011,81,Economists (81),18,6,14366.66007995605,2454.3099975585938,61.78097334016528,52.86269568975286
2011,36,Editors and reporters (36),98,86,137965.20980834964,126174.70972442628,30.692865502908692,29.62922571853056
2011,515,Electricians (515),295,2,408537.18046569824,4379.5100097656305,24.69663553508038,14.999999999999998
2011,49,Engineers (n.e.c.) (49),185,40,277733.07014465326,58718.54010009766,43.247857880715365,38.619535416103076
2011,41,"Engineers, aeronautical (41)",53,7,84816.89036560054,14209.09985351562,43.64980648181487,27.465732521803687
2011,42,"Engineers, chemical (42)",28,6,45828.65016174314,8387.519897460943,41.914554219565794,28.644134848910205
2011,43,"Engineers, civil (43)",134,20,211751.55995178223,28648.640075683605,36.87946977987879,33.784964322077016
2011,44,"Engineers, electrical (44)",136,12,221176.64952850342,22767.850036621097,41.856335010573844,34.21481322865256
2011,45,"Engineers, industrial (45)",62,21,83518.54025268555,33889.400085449226,37.78369460267349,32.16198213585299
2011,46,"Engineers, mechanical (46)",144,7,220578.03010559085,10979.760192871097,36.158446323785626,28.91749644484627
2011,47,"Engineers, metallurgical, and metallurgists (47)",13,2,21612.329956054688,3775.3599853515598,34.38936336616401,18.845036258977427
2011,48,"Engineers, mining (48)",14,3,24304.520278930664,1963.899963378906,57.599853809903806,44.973609583459385
2011,521,"Engravers, except photoengravers (521)",1,3,1681.42004394531,2886.2900390625027,19.230770111084,7.245545524024724
2011,51,Entertainers (n.e.c.) (51),2,1,3919.38989257813,3491.11010742188,9.033922792420043,44.37869644165039
2011,635,"Filers, grinders, and polishers, metal (635)",23,4,31658.470046997074,4478.709991455073,14.75505079427086,17.520504586409416
2011,762,"Firemen, fire protection (762)",156,11,243438.66058349606,24263.869934082024,25.295498153776336,23.204448540208325
2011,523,Foremen (n.e.c.) (523),755,107,1091673.6993865967,159428.98892211914,25.313451165006303,22.578768910376144
2011,53,Foresters and conservationists (53),11,2,9589.519973754888,831.550018310547,28.029029026954618,16.262025136112012
2011,930,"Gardeners, except farm, and groundskeepers (930)",336,18,484422.5699310302,27695.03964233399,14.610286381061341,14.827579062842231
2011,530,Glaziers (530),30,1,40822.92007446288,1055.81005859375,18.465250412335315,22.8365383148193
2011,763,"Guards, watchmen, and doorkeepers (763)",251,95,388457.7913970947,138746.44989013672,17.12238892257597,16.122495635187068
2011,764,"Housekeepers and stewards, except private household (764)",57,51,85046.95957183838,69185.54057312015,19.903799168138598,13.848265181331527
2011,430,Hucksters and peddlers (430),14,22,20705.960037231456,26416.41009521484,12.297805965416758,13.704761279653965
2011,533,Inspectors (n.e.c.) (533),45,17,57044.15014648435,25044.95022583008,28.25799695217954,16.09692453657738
2011,210,"Inspectors, public administration (210)",50,37,75384.71954345705,50351.02992248538,37.57769922246,28.436651919704325
2011,450,Insurance agents and brokers (450),147,216,217155.6995391846,320332.6710357666,34.11682406946433,22.56839440177114
2011,770,Janitors and sextons (770),578,304,837588.8711624146,410285.88030242914,13.843488891905618,11.284911105482415
2011,534,"Jewelers, watchmakers, goldsmiths, and silversmiths (534)",5,2,10536.650146484375,3908.289916992188,18.54681863984785,24.59401087570578
2011,970,Laborers (n.e.c.) (970),1004,141,1502319.1704940796,182091.79023742676,15.582297651313674,13.841552970312215
2011,643,Laundry and dry cleaning operatives (643),32,63,50117.64006042477,76471.48010253908,20.70739446741566,9.682281597512373
2011,55,Lawyers and judges (55),231,163,333883.28118896484,216383.34031677252,62.04669675716929,47.33190149927459
2011,56,Librarians (56),18,92,29268.920104980472,140607.75094604492,17.36878948795437,18.612546232562078
2011,540,"Linemen and servicemen, telegraph, telephone, and power (540)",138,4,182458.8297119141,3891.880065917974,27.61014002544997,34.03248148075134
2011,544,Machinists (544),192,10,295021.0102233887,17732.76977539061,21.316631607862277,13.521311543671771
2011,335,Mail carriers (335),118,72,184684.6898803711,111880.32020568846,25.204383216322917,23.361043858475515
2011,230,"Managers and superintendents, building (230)",70,79,107644.82009887694,118364.44996643066,30.370904491445383,20.557426096042267
2011,290,"Managers, officials, and proprietors (n.e.c.) (290)",3459,2372,5157743.363090515,3532604.2145614624,35.13529888472868,26.364033454845412
2011,67,Mathematicians (67),3,1,3000.969970703135,2798.17993164062,44.7379735388815,76.9230804443359
2011,644,"Meat cutters, except slaughter and packing house (644)",111,39,145061.7403564453,47432.08995056154,15.939486255352454,11.69273916618288
2011,554,"Mechanics and repairmen, (n.e.c.) (554)",769,35,1142370.759765625,61189.53051757812,21.758519608499206,16.03592627322749
2011,545,"Mechanics and repairmen, airplane (545)",68,5,106177.64033508298,6628.180023193364,24.710201560241252,23.83632626467042
2011,550,"Mechanics and repairmen, automobile (550)",458,4,669714.9800109863,5224.399963378912,19.222183439298103,12.81794738303363
2011,551,"Mechanics and repairmen, office machine (551)",110,14,176709.29945373532,16972.899810791016,22.301935953466987,16.32407266605958
2011,552,"Mechanics and repairmen, radio and television (552)",72,5,110857.18023681642,13725.13012695312,25.98706595429006,29.00373543349205
2011,553,"Mechanics and repairmen, railroad and car shop (553)",102,2,124722.68009948728,2106.670013427734,24.336089404882266,25.117036681599732
2011,340,Messengers and office boys (340),77,12,112719.14006042482,20111.64001464843,22.91608457215576,22.698894736972857
2011,69,Miscellaneous natural scientists (69),107,59,162274.48040771481,81372.45037841797,35.22839280975703,30.972234385624056
2011,84,Miscellaneous social scientists (84),12,25,19409.069824218746,37726.24983215331,28.021109857743408,27.131510810287946
2011,57,Musicians and music teachers (57),17,6,34461.179962158225,11156.400177001955,23.809360098058654,26.951938208912683
2011,58,"Nurses, professional (58)",130,1307,216883.6996459961,1883604.7006607056,33.24600250035696,31.62097832444913
2011,341,Office machine operators (341),57,340,91007.25973510742,494495.8398666382,22.652912925498782,15.939256799640471
2011,250,"Officials and administrators (n.e.c.), public administration (250)",15,26,27382.200119018562,44660.38012695314,24.115227392435383,22.303875790377674
2011,690,Operatives and kindred workers (n.e.c.) (690),1814,942,2709282.138076782,1376223.059463501,18.422963447680427,14.259902106321023
2011,70,Optometrists (70),3,2,4276.2199707031305,3081.6199951171902,39.18356291024696,45.67680854506052
2011,564,"Painters, construction and maintenance (564)",127,6,198368.18980407715,7538.940093994146,14.525583782118664,8.764543331677011
2011,670,"Painters, except construction and maintenance (670)",53,8,84661.75962829593,8163.559997558594,16.203004333686447,13.437661013396479
2011,570,"Pattern and model makers, except paper (570)",2,2,1521.369995117187,4304.51013183594,27.311915688644838,11.17306185038137
2011,72,Personnel and labor relations workers (72),100,272,157943.62956237793,367794.1802520752,29.606216371148065,29.386786747450593
2011,73,Pharmacists (73),48,77,80255.3306274414,113455.06994628906,46.75840790286714,50.24477062396636
2011,74,Photographers (74),10,14,23812.140380859404,24088.550216674797,28.980403700781203,32.12337885311542
2011,671,Photographic process workers (671),4,13,4193.029983520513,15701.939773559581,12.761293387947005,9.023719312305289
2011,75,Physicians and surgeons (75),146,118,203502.27964782712,160776.5690612793,68.66521664604267,59.294998795428874
2011,68,Physicists (68),15,1,25073.65000915527,1768.93994140625,38.687301013898605,48.79807662963869
2011,574,Plumbers and pipe fitters (574),200,5,285903.0092315674,3573.030029296875,23.285289817569982,17.693418602164662
2011,773,Policemen and detectives (773),459,74,660878.0995941162,112448.23033142087,32.22616917180251,28.597869301368696
2011,780,Porters (780),20,7,35956.39001464843,9390.12008666993,17.03794647065758,14.826715084185567
2011,781,Practical nurses (781),14,233,22946.20977783203,355442.77028656006,20.501037919942647,20.4967269620867
2011,720,Private household workers (n.e.c.) (720),64,530,79617.23011779788,687567.0301895142,11.88540216930319,10.128921409363285
2011,99,"Professional, technical, and kindred workers (n.e.c.) (99)",1859,1721,2755250.5276260376,2487952.238243103,36.277971465166665,23.91622293211788
2011,29,"Professors and instructors, subject not specified (29)",334,305,509879.66015625,444665.8699645996,31.702838858235697,28.18926832927601
2011,82,Psychologists (82),17,39,28871.75999450683,50652.210662841775,25.211325974839557,34.78584458813995
2011,280,Purchasing agents and buyers (n.e.c.) (280),107,121,184960.50997924805,180573.7393951416,32.42381674068093,25.575658641856794
2011,76,Radio operators (76),45,3,79583.15080261229,3209.3099670410156,27.51422021701952,25.640231189434523
2011,470,Real estate agents and brokers (470),63,98,103751.47021484374,139394.80050659183,27.05533978277901,27.055451153649816
2011,77,Recreation and group workers (77),32,70,44366.180313110344,105175.96054077151,19.031441939454513,15.027822629975061
2011,78,Religious workers (78),18,42,36938.61019897461,70118.05023193361,20.368185973763083,17.06176259100474
2011,673,Sailors and deck hands (673),5,1,8599.28002929687,367.010009765625,18.28095885280355,8.55263137817383
2011,490,Salesmen and sales clerks (n.e.c.) (490),991,751,1560581.1024475098,1146963.4010162354,25.942985504769613,17.367188154341918
2011,674,Sawyers (674),8,1,12218.980102539075,563.039978027344,11.660182317847607,17.7884616851807
2011,790,"Service workers, except private household (n.e.c.) (790)",387,881,556599.1009674072,1214931.7400894165,14.46561666617139,11.229403702665909
2011,782,Sheriffs and bailiffs (782),165,67,234055.97004699707,113092.59912109374,21.92660261188428,18.393407341232628
2011,342,Shipping and receiving clerks (342),161,87,255887.32995605472,135740.8295211792,15.548479287698932,12.92530908534433
2011,79,"Social and welfare workers, except group (79)",127,428,179300.0301361084,633734.8502807617,22.78939339607727,20.89575687076063
2011,583,Stationary engineers (583),78,3,118479.65969848631,5416.2399902343695,21.159190388821212,18.5693810706874
2011,83,Statisticians and actuaries (83),17,9,23948.600189208984,10592.399963378903,48.820433716740894,31.16102112148242
2011,350,"Stenographers, typists, and secretaries (350)",59,1310,83902.39013671878,1942025.7098083496,20.271488956884706,17.919308361398336
2011,480,Stock and bond salesmen (480),72,34,112040.53008270262,50821.429992675796,45.500705519719276,36.80266381445458
2011,585,Structural metal workers (585),49,1,74796.67993164065,1279.26000976562,24.3113128756808,22.115385055542
2011,92,Surveyors (92),40,9,50694.570358276374,13333.619934082028,28.403992608582364,18.014659322468315
2011,590,Tailors and tailoresses (590),6,18,9393.14001464844,31300.779830932606,23.096620423917905,27.687550043337225
2011,682,Taxicab drivers and chauffeurs (682),90,16,140228.91970825195,26509.450256347645,14.187274587270318,13.014307331825782
2011,93,Teachers (n.e.c.) (93),775,2463,1130920.3189849854,3642967.2594375615,26.722041909343286,22.747311300028535
2011,96,Technicians (n.e.c.) (96),2,5,2650.8499755859402,7068.000030517574,17.785970911509484,14.21970664170285
2011,94,"Technicians, medical and dental (94)",222,651,377658.15061950684,987724.9605026245,22.658640627366626,22.47730816043451
2011,95,"Technicians, testing (95)",216,72,326762.90142822266,92494.86029815667,27.749884330276927,22.595513115505685
2011,370,Telephone operators (370),2,14,3488.8699951171902,16837.50970458983,19.028324244285198,12.798602857895787
2011,97,Therapists and healers (n.e.c.) (97),94,348,147083.7597808838,499116.7805633545,30.0340781370405,28.92149045489742
2011,380,"Ticket, station, and express agents (380)",17,35,24384.089904785164,50833.46983337401,19.13361307103857,17.677924436205217
2011,591,"Tinsmiths, coppersmiths, and sheet metal workers (591)",47,3,72003.12017822264,5722.1200561523465,26.24324195654501,18.63105572494749
2011,592,"Tool makers, and die makers and setters (592)",34,3,59514.38049316405,3823.690002441401,21.539493855987256,20.53193223546316
2011,683,Truck and tractor drivers (683),1122,40,1703307.610824585,68956.86019897462,18.165399218409217,12.81602561470461
2011,593,Upholsterers (593),15,4,25062.349914550778,5376.720092773432,18.418523062044788,17.139004097123298
2011,783,"Ushers, recreation and amusement (783)",2,2,3546.0799560546902,3451.4700927734402,10.179379452723502,7.985190937283891
2011,98,Veterinarians (98),8,24,14691.930038452141,36488.33975219727,38.68122120028878,23.12971709358735
2011,784,Waiters and waitresses (784),136,368,217259.428314209,533817.7899780273,14.023433091143307,11.964400157720616
2011,785,Watchmen (crossing) and bridge tenders (785),16,24,19849.579971313473,41529.81945800781,16.24781484508814,14.100368523246404
2011,684,"Weavers, textile (684)",1,5,1534.10998535156,8965.51000976563,10.5769233703613,10.263726365817313
2011,685,Welders and flame-cutters (685),224,14,316680.00060272217,20923.629943847638,19.745772114392857,12.84137603454287
2013,0,Accountants and auditors (0),265,522,395881.2789916992,841273.992111206,35.87366761440749,27.346783140134505
2013,1,Actors and actresses (1),5,7,10690.62017822266,13058.549774169938,24.824482914472505,20.827437446308977
2013,400,Advertising agents and salesmen (400),46,33,73153.90011596677,59850.13018798824,29.3079160045174,25.540692147580128
2013,300,Agents (n.e.c.) (300),5,3,9148.86985778808,2031.2500457763651,12.867081855846777,26.03149080602955
2013,61,Agricultural scientists (61),16,9,17610.200164794936,13307.139984130874,29.487787863477376,14.409732847646223
2013,2,Airplane pilots and navigators (2),46,3,66512.03004455568,4426.619934082026,73.47591974299827,25.74067866150406
2013,3,Architects (3),45,22,64731.570266723626,38430.8698120117,43.76085984917938,30.74599545551631
2013,4,Artists and art teachers (4),21,19,37452.62019348142,33056.56040954589,39.11741299604005,16.838693061000935
2013,5,Athletes (5),41,23,55400.37991333006,31479.970046997085,25.53741143615474,14.146154273635412
2013,301,"Attendants and assistants, library (301)",6,24,11695.259948730476,35420.40022277831,18.774668810565366,13.59758720133823
2013,621,"Attendants, auto service and parking (621)",38,6,52092.439682006865,6177.7200317382785,10.805338494965861,9.332255284416378
2013,730,"Attendants, hospital and other institution (730)",81,688,126331.11003112792,1022514.569404602,14.32402606716131,12.263629036954939
2013,302,"Attendants, physician's and dentist's office (302)",46,419,71908.30014038086,628937.5310134888,27.405319720035276,18.420677319094306
2013,731,"Attendants, professional and personal service (n.e.c.) (731)",28,265,54691.94017028808,392366.9800262451,13.926289809693596,11.090063071242746
2013,732,"Attendants, recreation and amusement (732)",19,17,23739.51008605956,25704.26998901369,10.863832629246033,12.872555021313001
2013,6,Authors (6),14,32,24343.94000244139,42258.1901702881,31.59954870286043,31.367175156214355
2013,500,Bakers (500),25,43,35211.44979858398,61459.87957763673,15.372994596021861,12.44523521198933
2013,305,Bank tellers (305),19,123,26123.239883422862,189903.32955932623,19.749330686797347,14.121867573535091
2013,740,"Barbers, beauticians, and manicurists (740)",19,174,60533.57025146485,269355.0598297119,8.524258793629079,14.031432709836494
2013,750,Bartenders (750),70,84,125592.93011474608,139505.91946411136,12.951537374890338,12.816805104886534
2013,62,Biological scientists (62),64,69,94241.16946411136,98878.13000488281,31.854600056402745,29.61947231315293
2013,622,Blasters and powdermen (622),7,1,6247.039978027339,322.450012207031,28.34186002812142,28.5392436981201
2013,310,Bookkeepers (310),59,373,96067.46990966797,562681.1092071533,24.036695542137355,17.579458547759067
2013,625,Bus drivers (625),106,130,167152.52966308594,184343.02973937985,17.04634708831974,13.898470495335873
2013,200,"Buyers and department heads, store (200)",293,241,471238.7790222168,394121.57942962646,38.37425749797924,27.970133744982167
2013,201,"Buyers and shippers, farm products (201)",2,2,2108.8699340820312,4069.18994140625,19.449172359848802,18.947817355595042
2013,505,Cabinetmakers (505),12,1,16679.499999999993,1593.23999023438,12.436034574423022,10.6034269332886
2013,510,Carpenters (510),333,4,493539.3199996948,3968.3901062011805,16.695216795236856,12.357806486838863
2013,320,Cashiers (320),166,561,292047.4507598877,827754.1790313721,15.862019677065351,11.527606450703248
2013,7,Chemists (7),30,18,55359.75990295412,24327.08993530275,32.08991027861256,24.37474998485218
2013,9,Clergymen (9),128,24,203905.47944641113,40082.68000793458,18.770608362890588,19.848075886715673
2013,390,Clerical and kindred workers (n.e.c.) (390),1223,3262,2005197.6605987549,5148995.365058899,20.743191479938424,17.179466700060132
2013,321,"Collectors, bill and account (321)",28,60,39844.46952819824,104199.8704376221,15.283639550503244,15.23018568989576
2013,203,"Conductors, railroad (203)",29,1,37280.00018310547,605.590026855469,25.11174718669006,17.5187034606934
2013,754,"Cooks, except private household (754)",597,473,918883.7688598633,691333.7099456787,12.828713433081054,11.601332650810836
2013,760,Counter and fountain workers (760),7,18,10950.640029907227,25655.470123291016,8.805634464966237,8.672876936768475
2013,594,Craftsmen and kindred workers (n.e.c.) (594),209,2,284421.3900299072,1103.0,20.664703442757766,7.33145373239044
2013,420,Demonstrators (420),4,12,6056.249908447263,19746.20028686525,8.825355566186735,18.20583148866504
2013,32,Dentists (32),26,11,42009.1897277832,18627.890045166027,73.89901138532949,70.4344677325873
2013,33,Designers (33),111,110,180844.20935058594,188360.58930969238,24.815993871206608,18.708813302268325
2013,34,Dietitians and nutritionists (34),4,43,5700.640106201177,60258.27978515628,29.21917942478026,25.778831937887606
2013,322,"Dispatchers and starters, vehicle (322)",42,68,75450.3202209473,95380.8099822998,28.411752852841676,19.82699382799732
2013,35,Draftsmen (35),40,7,67308.87059020996,13493.879791259766,23.121408763503112,21.432120691785258
2013,81,Economists (81),18,15,17256.349838256858,10082.020034790054,81.93648302960827,83.99001320309709
2013,36,Editors and reporters (36),64,78,101268.79017639162,114500.55037689209,29.77634115662674,30.279724551138738
2013,515,Electricians (515),297,5,479251.3094329834,7734.050109863276,30.106437694115183,17.846366761248678
2013,49,Engineers (n.e.c.) (49),240,31,381422.0397796631,45489.75984191897,39.05004129295166,35.715030797977406
2013,41,"Engineers, aeronautical (41)",50,9,82732.62030029297,14514.889953613292,47.56057626417549,49.34470645971802
2013,42,"Engineers, chemical (42)",20,6,38602.11981201171,10468.559936523425,44.92194162812707,46.23246636384884
2013,43,"Engineers, civil (43)",115,24,182827.44053649902,36013.84049987793,36.9262237937426,31.58960217235889
2013,44,"Engineers, electrical (44)",110,10,172942.03082275388,17397.760040283203,42.14733858479344,37.68146937890531
2013,45,"Engineers, industrial (45)",75,18,107595.13987731934,31871.640197753906,32.86314729384659,38.7204550856754
2013,46,"Engineers, mechanical (46)",118,10,188358.9103240967,16250.100006103507,38.65964339517164,39.71645750309961
2013,47,"Engineers, metallurgical, and metallurgists (47)",14,4,23051.97018432617,6269.9699707031195,39.43452555299205,27.688051364432926
2013,48,"Engineers, mining (48)",21,1,28895.9398803711,2104.80004882812,47.59489337013241,26.6366271972656
2013,51,Entertainers (n.e.c.) (51),2,3,6224.09020996094,6576.85009765625,8.357073676169959,32.181161464446596
2013,635,"Filers, grinders, and polishers, metal (635)",20,5,31867.25978088378,8513.940124511719,18.73114116580804,8.64063042647645
2013,762,"Firemen, fire protection (762)",166,6,256199.80941772458,8103.59997558593,26.848265766449384,26.788132276772558
2013,523,Foremen (n.e.c.) (523),738,107,1065819.2116851807,171131.89982604983,26.32488442397204,19.793323530463436
2013,53,Foresters and conservationists (53),10,3,11418.980102539064,1857.1699523925781,27.853031708206093,27.59376936240392
2013,930,"Gardeners, except farm, and groundskeepers (930)",341,13,529134.8091583252,19436.020233154308,13.69726472932515,10.932209668865802
2013,530,Glaziers (530),16,1,22483.340332031246,1187.09997558594,30.784281891903085,9.22037124633789
2013,763,"Guards, watchmen, and doorkeepers (763)",262,82,416515.970123291,119743.43969726564,17.33738590164852,14.727892100017952
2013,764,"Housekeepers and stewards, except private household (764)",54,43,76471.16030883786,63653.880493164106,20.48937450601644,11.065461674550326
2013,430,Hucksters and peddlers (430),20,15,26252.000167846672,18179.2699432373,12.900168970345684,12.039304888476178
2013,533,Inspectors (n.e.c.) (533),38,11,56411.739990234346,18607.950134277347,24.806658271805436,17.857736413314996
2013,210,"Inspectors, public administration (210)",56,56,71787.12994384764,85447.8102722168,31.034797973479716,28.012858981575317
2013,450,Insurance agents and brokers (450),169,231,287579.4107055664,367375.3610534668,32.076547018618996,21.708500930202717
2013,770,Janitors and sextons (770),616,298,911070.7100372314,404814.2501449585,13.922668296878086,10.887010826808666
2013,534,"Jewelers, watchmakers, goldsmiths, and silversmiths (534)",5,9,8600.780273437496,9705.38017272949,13.494525752423117,13.802719396935274
2013,970,Laborers (n.e.c.) (970),1064,166,1642012.3994598389,260771.88997650144,15.43868241229935,12.022337112716121
2013,643,Laundry and dry cleaning operatives (643),40,56,58533.28047180175,72143.30992126465,15.709608768005719,9.290228210748685
2013,55,Lawyers and judges (55),213,141,321586.371383667,188603.50952911374,55.43966192534336,48.0982103976154
2013,56,Librarians (56),17,70,29171.61006164551,115318.87998962402,27.00938908462687,21.01398967069806
2013,540,"Linemen and servicemen, telegraph, telephone, and power (540)",135,4,195431.0294342041,5712.790023803706,22.956894144376047,40.69029051990629
2013,541,Locomotive engineers (541),20,2,22939.730056762695,3838.8199462890598,30.475609144834255,20.460020681571397
2013,544,Machinists (544),140,9,232781.6295471191,14823.209976196284,20.34148554579994,14.698759985950204
2013,335,Mail carriers (335),100,68,156089.00967407224,99273.50024414067,25.365413882676776,23.674332302220524
2013,230,"Managers and superintendents, building (230)",80,121,110159.34956359862,201895.669631958,29.793339780478828,21.42622166060579
2013,290,"Managers, officials, and proprietors (n.e.c.) (290)",3619,2470,5630910.900291443,3770552.697845459,35.43606867783144,27.227842643624484
2013,67,Mathematicians (67),25,14,44734.50054931643,23392.659851074222,31.668040085833205,23.00598083965593
2013,644,"Meat cutters, except slaughter and packing house (644)",112,41,145327.5302886963,43395.56004333496,14.941546652870096,10.354874729988447
2013,554,"Mechanics and repairmen, (n.e.c.) (554)",760,27,1173647.519416809,44020.930267333984,21.22587303014143,19.860503199137558
2013,545,"Mechanics and repairmen, airplane (545)",70,2,133045.3001098633,5857.60986328124,25.911881695938725,17.710458632987173
2013,550,"Mechanics and repairmen, automobile (550)",490,4,722239.00050354,4796.510009765635,19.56669702149125,10.687424138548241
2013,551,"Mechanics and repairmen, office machine (551)",103,18,143162.60034179688,31451.549987792972,24.315282421867114,21.680521697268773
2013,552,"Mechanics and repairmen, radio and television (552)",54,9,81001.19065856929,15750.199844360344,22.178355013661047,31.50467169077504
2013,340,Messengers and office boys (340),61,15,103982.40953063966,22357.969833374038,17.510427877855562,17.018658162407345
2013,560,Millwrights (560),31,1,51672.93019104003,2957.92993164062,30.276748129797536,16.5966663360596
2013,650,Mine operatives and laborers (650),57,2,68162.42024230957,1636.440002441404,25.271951506032813,10.508694008998827
2013,69,Miscellaneous natural scientists (69),83,36,120286.15010070801,44502.500289917,39.55080673067923,32.67721896792529
2013,84,Miscellaneous social scientists (84),18,12,17392.200180053696,17233.919982910153,27.674825374910704,29.206466599915977
2013,57,Musicians and music teachers (57),10,12,21337.78015136718,19645.92001342773,34.22557698191361,62.07332631978931
2013,58,"Nurses, professional (58)",140,1333,221394.4302215576,1954469.6913604736,33.518916377076174,31.672620363879037
2013,341,Office machine operators (341),62,349,111746.23915100098,550126.4607849121,24.38873173577797,16.75251859872594
2013,250,"Officials and administrators (n.e.c.), public administration (250)",8,21,9093.709991455067,36259.46008300778,23.781374526983416,24.23798862431939
2013,662,"Oilers and greasers, except auto (662)",13,1,15587.36973571778,1330.41003417969,18.46656188086441,23.0509281158447
2013,690,Operatives and kindred workers (n.e.c.) (690),1884,908,2944969.331008911,1358307.2917785645,18.01560946684813,13.68552971130527
2013,70,Optometrists (70),4,1,7764.349975585942,1805.10998535156,52.97383173334653,27.661111831665
2013,564,"Painters, construction and maintenance (564)",138,4,196007.7805480957,5814.320114135745,14.824434287249993,14.522799708996947
2013,670,"Painters, except construction and maintenance (670)",61,10,97439.00984191892,19624.830078125007,17.417830685305137,26.2258914562072
2013,72,Personnel and labor relations workers (72),99,260,153065.43959045413,377735.65071105957,31.25900754622497,25.889905863179028
2013,73,Pharmacists (73),55,74,65153.25021362306,113152.74980163573,49.19894898258539,52.99010350841577
2013,74,Photographers (74),10,7,17409.190246582028,11622.480163574202,23.87391062744188,14.387545741355586
2013,671,Photographic process workers (671),8,4,16041.580017089862,5521.189941406248,12.532895886101672,9.470390337308597
2013,75,Physicians and surgeons (75),185,130,296599.35893249506,193760.55960083008,65.0153780038021,53.44191429685778
2013,68,Physicists (68),8,3,8872.129913330073,747.9499816894529,52.83202398499707,34.00609254154648
2013,574,Plumbers and pipe fitters (574),212,2,314396.1508026123,2993.9400634765598,23.964655928335524,24.745025771505514
2013,773,Policemen and detectives (773),433,82,658586.0906677246,139901.0303039551,30.951841042349905,28.725445353576493
2013,780,Porters (780),24,3,36601.27998352049,1680.910034179688,16.620572268528814,18.150951103607582
2013,781,Practical nurses (781),19,197,43761.119903564446,311260.80947875977,27.778203281441762,20.083073540776383
2013,720,Private household workers (n.e.c.) (720),66,463,102600.78018188477,613751.0306167603,12.101667847089931,10.328693479306077
2013,99,"Professional, technical, and kindred workers (n.e.c.) (99)",1966,1809,2991912.370323181,2632941.5482025146,36.49507586518655,24.679262773842073
2013,29,"Professors and instructors, subject not specified (29)",287,286,410858.7906188965,400175.1608581543,36.093500449982514,27.868331439917583
2013,82,Psychologists (82),14,49,20798.460144042972,68642.4299316406,32.645909117511145,31.374482479774134
2013,280,Purchasing agents and buyers (n.e.c.) (280),107,109,159094.05012512207,186324.39985656738,30.68180970693092,30.481680522213356
2013,76,Radio operators (76),49,4,88712.64979553224,4157.09994506837,31.63298675319186,30.836266811773914
2013,470,Real estate agents and brokers (470),73,94,121985.75028991699,150425.76944732663,28.48060894380143,24.84085956873716
2013,77,Recreation and group workers (77),25,92,49047.90020751954,141790.66088867188,15.179248111992335,18.400837898662832
2013,78,Religious workers (78),15,32,24588.03016662598,39680.00979614257,15.50132784936055,16.556326196620162
2013,581,Roofers and slaters (581),58,1,93680.20965576173,1681.06994628906,14.858419791741735,19.9774703979492
2013,490,Salesmen and sales clerks (n.e.c.) (490),1023,665,1603423.368347168,1051678.940460205,26.356678806858984,18.884980159041454
2013,790,"Service workers, except private household (n.e.c.) (790)",422,955,660182.7801055908,1489894.618095398,13.92801461504609,11.816873432899374
2013,782,Sheriffs and bailiffs (782),131,61,193445.52085113528,100476.29995727536,22.97603035593897,19.348552869938537
2013,342,Shipping and receiving clerks (342),138,68,255912.17993164065,110652.78956604005,15.93448977611813,14.46688888073656
2013,79,"Social and welfare workers, except group (79)",122,414,164068.83087158203,575631.9795837402,21.637506043192264,20.393945694499614
2013,583,Stationary engineers (583),69,2,114571.17018890382,3827.6400146484402,24.358248218464333,22.389161767335928
2013,83,Statisticians and actuaries (83),9,6,17120.569946289062,7327.760101318352,55.86689263684076,57.47056564981141
2013,350,"Stenographers, typists, and secretaries (350)",51,1260,89924.13974761963,1923376.5783081055,23.838454828133685,18.29443000883691
2013,480,Stock and bond salesmen (480),56,39,86682.6801452637,56638.960311889634,45.81773931065423,34.67370130804316
2013,92,Surveyors (92),34,6,52634.110366821296,4515.319877624508,24.019740691190407,27.950457174109662
2013,590,Tailors and tailoresses (590),7,12,9133.620086669926,20074.38998413085,12.084078124769881,10.504570800455935
2013,682,Taxicab drivers and chauffeurs (682),80,21,132913.069732666,42995.0503540039,14.207784531972026,9.791280136239328
2013,93,Teachers (n.e.c.) (93),755,2440,1110711.4125823975,3642811.9580688477,26.349734013122955,21.86908168734352
2013,96,Technicians (n.e.c.) (96),3,13,3565.9299316406305,18634.689895629886,20.526945313531307,12.572134779195572
2013,94,"Technicians, medical and dental (94)",208,649,353781.4202423096,978629.3488769531,22.256273092772954,20.251930575833246
2013,95,"Technicians, testing (95)",198,78,293743.1501922607,124370.56962585449,26.800706393031376,20.36925598319953
2013,370,Telephone operators (370),2,8,2323.980041503911,9743.70994567872,22.14135986066614,13.218112553094539
2013,97,Therapists and healers (n.e.c.) (97),77,348,123354.99923706058,504209.3501739502,29.451178511406535,28.502371726657895
2013,380,"Ticket, station, and express agents (380)",19,30,26520.910263061534,44175.69039916992,21.614968930572882,19.411749173174332
2013,591,"Tinsmiths, coppersmiths, and sheet metal workers (591)",40,3,58832.72019958496,3842.080078124998,20.22635833352522,16.46206705258617
2013,683,Truck and tractor drivers (683),1149,59,1771372.2927474976,100774.38966369623,17.657558269001708,14.514535699985363
2013,593,Upholsterers (593),12,4,24333.320068359353,3345.379974365232,15.780319744234971,8.539419409746381
2013,783,"Ushers, recreation and amusement (783)",3,1,1818.289947509766,1701.17004394531,9.43132031188326,9.22037124633789
2013,98,Veterinarians (98),7,29,12846.380065917967,36693.49002075194,35.16617417307288,25.046335267234397
2013,784,Waiters and waitresses (784),128,358,221535.46965026855,513267.81997680664,12.600553045334703,11.105095229655719
2013,785,Watchmen (crossing) and bridge tenders (785),12,15,19497.840209960945,25024.310195922844,20.77354668052795,15.26998826899996
2013,684,"Weavers, textile (684)",3,3,2077.1499633789053,6045.440063476561,13.652760712386998,12.516076287743298
2013,685,Welders and flame-cutters (685),224,8,333525.74938964844,7371.690017700192,18.263008065561323,12.345893131218299
